Nr.,Anrede,Titel,Vorname,Nachname,Geburtsdatum,Straße,PLZ,Stadt,Telefon,Mobil,Telefax,E-Mail,Newsletter
1,Frau,Dr.,Jana,Wolters,21.6.1983,Maximilianstr. 38,66871,Haschbach am Remigiusberg,06381 / 38248195,0168 / 2581569,06381 / 71704765,jana.wolters@mail.xyz,ja
2,Herr,Dr.,Anton,Jimenez,2.6.1993,Gescherweg 160,07806,Dreba,03663 / 377743,0167 / 5405726,03663 / 14175068,a.jimenez@mail.xyz,ja
3,Frau,Dr.,Theresa,Scholz,6.6.1993,Osthuesheide 22,25524,Itzehoe,04821 / 44674457,0160 / 4424502,04821 / 37929861,theresa.scholz@mail.xyz,ja
4,Herr,Dr.,Luis,Heinrich,14.11.1942,Kapellenstr. 74,21358,Mechtersen,04131 / 27565148,0154 / 3594397,04131 / 74390094,luis.heinrich@mail.xyz,ja
5,Herr,Dr.,Julian,Heitmann,5.1.1961,Drachterstr. 174,48565,Steinfurt,02551 / 63252095,0178 / 6039245,02551 / 25771898,j.heitmann@mail.xyz,ja
6,Herr,Dr.,Justin,Jablonski,20.4.1956,Am Wigbold 170,64850,Schaafheim,06073 / 19645224,0158 / 1073650,06073 / 4111288,justin.jablonski@mail.xyz,ja
7,Frau,Prof.,Ingrid,Singh,9.4.1959,Dammstr. 39,25836,Garding,04862 / 77196621,0179 / 6972509,04862 / 3693398,ingrid.singh@mail.xyz,ja
8,Frau,Dr.,Jaqueline,Rupprecht,14.2.1940,Goebenstr. 176,25548,Kellinghusen,04822 / 43192535,0179 / 7622055,04822 / 65164723,j.rupprecht@mail.xyz,ja
9,Frau,Dr.,Alexandra,Dahlke,18.8.1986,Schmeddingstr. 153,38446,Wolfsburg,05361 / 49637893,0171 / 5140555,05361 / 4149822,alexandra.dahlke@mail.xyz,ja
10,Herr,Dr.,Conner,Baldwin,23.3.1922,Idenbrockplatz 16,46459,Rees,02851 / 20897511,0157 / 3626427,02851 / 57483170,conner.baldwin@mail.xyz,ja
11,Herr,Dr.,Jörg,Schaub,11.2.1928,Ossenkampstiege 44,91235,Velden,09152 / 45669620,0171 / 2000252,09152 / 93755395,joerg.schaub@mail.xyz,ja
12,Herr,Dr.,Gerhardt,Weber,1.5.1956,Salzmannstr. 158,28359,Bremen,0421 / 22222269,0159 / 8559940,0421 / 75207587,gerhardt.weber@mail.xyz,ja
13,Frau,Dr.,Frieda,Ahrens,26.4.1946,Baumberger Str. 48,25572,Kudensee,04823 / 56376851,0170 / 1724865,04823 / 91639942,frieda.ahrens@mail.xyz,ja
14,Herr,Dr.,Ralph,Widmann,1.5.1971,Am Blütenhain 11,37647,Polle,05535 / 41182084,0168 / 8806571,05535 / 43394260,ralph.widmann@mail.xyz,ja
15,Herr,Dr.,Luke,Beyer,17.12.1960,Elsa-Brändström-Weg 75,95192,Lichtenberg,09288 / 49538141,0170 / 3493062,09288 / 23988205,l.beyer@mail.xyz,ja
16,Herr,Dr.,Marc,Leng,15.7.1968,Elsa-Brändström-Weg 193,90453,Nürnberg,0911 / 92461530,0177 / 1308319,0911 / 36226312,marc.leng@mail.xyz,ja
17,Herr,Dr.,Rafael,Kalisch,17.3.1939,Meesenstiege 10,87662,Kaltental,08345 / 13651194,0172 / 9522665,08345 / 57290581,r.kalisch@mail.xyz,ja
18,Frau,Dr.,Britta,Harvey,5.8.1937,Angelstr. 52,59969,Hallenberg,02984 / 32191336,0164 / 4536735,02984 / 39793633,b.harvey@mail.xyz,ja
19,Frau,Dr.,Alyssa,Prinz,19.10.1920,Templerweg 58,66871,Ehweiler,06381 / 74492733,0170 / 6822526,06381 / 50729192,a.prinz@mail.xyz,ja
20,Herr,Dr.,Michael,Kiessling,6.3.1998,Zur Gräfte 170,74676,Niedernhall,07940 / 71674775,0169 / 5613761,07940 / 87343882,m.kiessling@mail.xyz,ja
21,Herr,Dr.,Patrik,Wolter,20.6.1941,Böttcherstr. 22,77728,Oppenau,07804 / 50293978,0163 / 4727587,07804 / 83766326,patrik.wolter@mail.xyz,ja
22,Frau,Dr.,Carina,Houston,17.7.1976,Telgenweg 67,16816,Neuruppin,03391 / 13160787,0161 / 8019079,03391 / 67427165,carina.houston@mail.xyz,ja
23,Frau,Prof.,Marlis,Hofmeister,17.3.1928,Max-Winkelmann-Str. 58,97241,Oberpleichfeld,09367 / 99064875,0159 / 8906762,09367 / 6115823,marlis.hofmeister@mail.xyz,ja
24,Frau,Prof.,Katharina,Wessel,12.1.1958,Methweg 43,76534,Baden-Baden,07221 / 39995436,0171 / 9766763,07221 / 90920104,katharina.wessel@mail.xyz,ja
25,Frau,Prof.,Lucy,Büttner,19.5.1961,Willingrott 23,25569,Kremperheide,04824 / 80375057,0175 / 6527630,04824 / 92987627,lucy.buettner@mail.xyz,ja
26,Frau,Dr.,Nike,Ries,7.1.1967,Rüschhausweg 69,03238,Gorden-Staupitz,03533 / 79521434,0161 / 4426293,03533 / 10123972,n.ries@mail.xyz,ja
27,Herr,Dr.,Jürgen,Denk,6.12.1961,Altenhofer Weg 119,60314,Frankfurt am Main,069 / 17570969,0152 / 2640403,069 / 73546472,juergen.denk@mail.xyz,ja
28,Herr,Dr.,Konstantin,Malinowski,11.5.1952,Dreizehnerstr. 82,46244,Bottrop,02041 / 21535447,0152 / 9878985,02041 / 8631639,k.malinowski@mail.xyz,ja
29,Herr,Dr.,Mohamed,Neitzel,14.2.1950,Am Dornbusch 14,54570,Hinterweiler,06592 / 37103094,0168 / 4124844,06592 / 73965816,mohamed.neitzel@mail.xyz,ja
30,Frau,Dr.,Mandy,Jacobs,21.3.1984,Schützenstr. 60,80639,München,089 / 70308461,0156 / 9899335,089 / 88081975,m.jacobs@mail.xyz,ja
31,Herr,Dr.,Wolfgang,Klotz,27.5.1982,Gescherweg 195,91364,Unterleinleiter,09194 / 36287496,0163 / 7513836,09194 / 86878206,wolfgang.klotz@mail.xyz,ja
32,Herr,Dr.,Luk,Pratt,27.7.1978,Straßburger Weg 40,56244,Ettinghausen,06435 / 74281723,0150 / 3894225,06435 / 89192133,l.pratt@mail.xyz,ja
33,Herr,Dr.,Reiner,Ganz,13.3.2000,Erikahof 192,25554,Kleve,04821 / 37080549,0157 / 1140899,04821 / 57243801,r.ganz@mail.xyz,ja
34,Frau,Dr.,Bärbel,Hudson,3.3.1986,Friedrichstr. 55a,36355,Grebenhain,06644 / 69954617,0176 / 1183978,06644 / 61371576,baerbel.hudson@mail.xyz,ja
35,Frau,Dr.,Merle,Ries,1.9.1921,Weißenburgstr. 90,54533,Bettenfeld,06572 / 59522505,0175 / 9257362,06572 / 87763152,merle.ries@mail.xyz,ja
36,Herr,Prof.,Rudolph,Hess,8.11.1993,Ostlandstr. 162,25704,Bargenstedt,04832 / 60444981,0175 / 3656533,04832 / 95120271,rudolph.hess@mail.xyz,ja
37,Frau,Dr.,Anika,Wichmann,24.7.1949,Sophienstr. 1,79801,Hohentengen am Hochrhein,07742 / 74485108,0173 / 8257164,07742 / 81756375,a.wichmann@mail.xyz,ja
38,Herr,Dr.,Kristian,Sandmann,2.5.1965,Idenbrockplatz 113,56244,Krümmel,02626 / 1364643,0157 / 5820622,02626 / 94431071,kristian.sandmann@mail.xyz,ja
39,Frau,Dr.,Swenja,Richardson,6.5.1959,Hülsebrockstr. 15,36041,Fulda,0661 / 90960649,0160 / 5132002,0661 / 75586989,swenja.richardson@mail.xyz,ja
40,Herr,Dr.,Dominic,Sutton,16.4.1975,Franz-Peter-Kürten-Weg 180,67583,Guntersblum,06249 / 51871585,0170 / 2905178,06249 / 25837699,dominic.sutton@mail.xyz,ja
41,Herr,Dr.,Falk,Obermeier,9.10.1996,Immelmannstr. 8,31033,Brüggen,05182 / 39800156,0160 / 3694020,05182 / 75110654,falk.obermeier@mail.xyz,ja
42,Herr,Dr.,Riccardo,Park,26.12.1929,Äußere Kanalstr. 86a,76706,Dettenheim,07247 / 28888473,0169 / 7307655,07247 / 46144218,r.park@mail.xyz,ja
43,Frau,Dr.,Aleyna,Ward,13.5.1966,Memmertweg 103,79423,Heitersheim,07634 / 28057595,0154 / 2142682,07634 / 56935797,aleyna.ward@mail.xyz,ja
44,Frau,Dr.,Elizabeth,Liedtke,9.7.1952,Geiststr. 1,24211,Preetz,04342 / 30303408,0171 / 7166848,04342 / 38965015,elizabeth.liedtke@mail.xyz,ja
45,Frau,Prof.,Anneke,Kuhlmann,1.8.1940,Handorfer Str. 20,06333,Ritterode,03476 / 13367796,0169 / 9175852,03476 / 98914092,anneke.kuhlmann@mail.xyz,ja
46,Herr,Dr.,Rasmus,Unger,18.1.1955,Salzmannstr. 111,49504,Lotte,05404 / 83339933,0172 / 2036991,05404 / 38225174,r.unger@mail.xyz,ja
47,Frau,Dr.,Angela,Schaller,8.2.1926,Im Sonnentau 139,77978,Schuttertal,07826 / 33384800,0164 / 1787961,07826 / 59959876,a.schaller@mail.xyz,ja
48,Frau,Dr.,Erika,Ballmann,6.9.1976,Dahlweg 47,54597,Feuerscheid,06551 / 80590091,0168 / 6512385,06551 / 71581024,erika.ballmann@mail.xyz,ja
49,Frau,Dr.,Beate,Otterbach,4.4.1937,Wollinstr. 2,36318,Schwalmtal,06638 / 31781002,0154 / 5620165,06638 / 50319750,beate.otterbach@mail.xyz,ja
50,Frau,Dr.,Franziska,Bader,6.8.1978,Ringelnatzstr. 148,55743,Hintertiefenbach,06785 / 79467397,0160 / 3566896,06785 / 68560424,f.bader@mail.xyz,ja
51,Frau,Dr.,Elizabeth,Turner,23.12.1994,An Lyskirchen 72,88527,Unlingen,07371 / 41816062,0178 / 3204008,07371 / 2610186,elizabeth.turner@mail.xyz,ja
52,Frau,Dr.,Nina,Schwan,24.8.1989,Am Brook 190,26556,Westerholt,04975 / 45122128,0159 / 5254385,04975 / 6105512,n.schwan@mail.xyz,ja
53,Herr,Dr.,Carl,Wilken,23.12.1930,Münzstr. 16,59581,Warstein,02902 / 14990139,0177 / 6605245,02902 / 85765683,c.wilken@mail.xyz,ja
54,Herr,Prof.,Richard,Lynch,17.12.1932,Königsberger Str. 126,84180,Loiching,08731 / 28161168,0152 / 8851131,08731 / 99179372,r.lynch@mail.xyz,ja
55,Herr,Dr.,Erich,Neher,12.4.1943,Bielefelder Str. 190,85125,Kinding,08467 / 82655949,0179 / 8185254,08467 / 21845741,e.neher@mail.xyz,ja
56,Herr,Prof.,Oliver,White,16.12.1953,Guntherstr. 196,56244,Ettinghausen,06435 / 62534952,0159 / 9813855,06435 / 33321429,oliver.white@mail.xyz,ja
57,Herr,Dr.,Björn,Schäfers,24.4.1982,Zum Guten Hirten 165,09405,Gornau,03725 / 52082991,0170 / 5419446,03725 / 36228136,b.schaefers@mail.xyz,ja
58,Herr,Dr.,Lewin,Ortiz,19.7.1935,Sporckweg 102,73345,Drackenstein,07335 / 46383859,0161 / 1148256,07335 / 82906402,lewin.ortiz@mail.xyz,ja
59,Frau,Dr.,Annica,Dietz,27.8.2000,Pötterhoek 96,45141,Essen,0201 / 15123855,0150 / 6237542,0201 / 14428347,a.dietz@mail.xyz,ja
60,Frau,Dr.,Annabell,Lohmeier,8.12.1928,Soester Str. 139,25436,Tornesch,04122 / 96821983,0155 / 3955065,04122 / 39474541,annabell.lohmeier@mail.xyz,ja
61,Frau,Dr.,Nelli,Felber,16.12.1961,Franz-Peter-Kürten-Weg 9,21445,Wulfsen,04173 / 3981967,0159 / 7925056,04173 / 67262116,n.felber@mail.xyz,ja
62,Frau,Dr.,Josefine,Pratt,15.12.1933,Jakobusstr. 140,53506,Heckenbach,02643 / 89466060,0162 / 8206302,02643 / 87284928,j.pratt@mail.xyz,ja
63,Frau,Dr.,Caja,Kampe,20.12.1957,Horstmarer Landweg 82,76297,Stutensee,07249 / 70913125,0173 / 7880821,07249 / 77193571,caja.kampe@mail.xyz,ja
64,Frau,Prof.,Annalena,Hinrichs,13.7.1989,Kösliner Str. 29a,56379,Weinähr,02604 / 90717436,0158 / 7949115,02604 / 30849803,a.hinrichs@mail.xyz,ja
65,Frau,Prof.,Laura,Lohse,5.8.1945,Kurze Str. 141,55599,Wonsheim,06703 / 83244865,0171 / 2698396,06703 / 24321709,l.lohse@mail.xyz,ja
66,Herr,Dr.,Mattis,Gibson,1.8.1985,Pankokstr. 112,54426,Breit,06504 / 8446164,0156 / 4069805,06504 / 85777460,m.gibson@mail.xyz,ja
67,Herr,Dr.,Jacob,McGee,6.9.1952,Schmittingheide 62,24256,Schlesen,04303 / 58586915,0158 / 4604348,04303 / 53067484,j.mcgee@mail.xyz,ja
68,Frau,Dr.,Milena,Schramm,24.2.1946,Hofstr. 2,25782,Süderdorf,04838 / 52902331,0153 / 6060856,04838 / 61943854,milena.schramm@mail.xyz,ja
69,Frau,Dr.,Samira,Heumann,20.8.1999,Wiedehagen 169,93189,Reichenbach,09464 / 88186687,0174 / 8527984,09464 / 45617134,samira.heumann@mail.xyz,ja
70,Herr,Dr.,Justus,Moreno,27.9.1926,Kösliner Str. 137,97215,Simmershofen,09848 / 74084628,0154 / 2318230,09848 / 78772735,j.moreno@mail.xyz,ja
71,Herr,Dr.,Helmuth,Nagl,9.10.1947,Starweg 82,25842,Bargum,04672 / 41261021,0174 / 2136861,04672 / 20376557,helmuth.nagl@mail.xyz,ja
72,Herr,Dr.,Hartmut,Ray,17.7.1924,Norbertstr. 90,38542,Leiferde,05373 / 98729540,0176 / 3731398,05373 / 82230997,h.ray@mail.xyz,ja
73,Herr,Dr.,Leif,Holmes,2.7.1961,Försterstr. 71,24568,Oersdorf,04191 / 34323615,0167 / 3938639,04191 / 56578582,leif.holmes@mail.xyz,ja
74,Herr,Dr.,Silas,Harmon,16.4.1964,Janningsweg 102,24361,Holzbunge,04356 / 16685791,0157 / 7263199,04356 / 21760895,s.harmon@mail.xyz,ja
75,Frau,Dr.,Lene,Zinn,4.8.1994,Drachterstr. 8,24148,Kiel,0431 / 45726023,0151 / 7019508,0431 / 5273874,l.zinn@mail.xyz,ja
76,Herr,Dr.,Andre,Garcia,13.12.1964,Overbergstr. 129,27616,Bokel,04747 / 33061428,0159 / 1362071,04747 / 94480411,andre.garcia@mail.xyz,ja
77,Frau,Dr.,Finja,Schlegel,7.9.1922,Schiffahrter Damm 99,55765,Birkenfeld,06782 / 34986298,0165 / 6564478,06782 / 12612728,finja.schlegel@mail.xyz,ja
78,Frau,Dr.,Marah,Park,4.7.1982,Gropiusstr. 73,47509,Rheurdt,02845 / 77185912,0151 / 3327569,02845 / 47218395,m.park@mail.xyz,ja
79,Herr,Dr.,Andre,Axmann,13.4.1964,Dodostr. 81,09390,Gornsdorf,03721 / 60449486,0151 / 6823214,03721 / 73765914,a.axmann@mail.xyz,ja
80,Herr,Prof.,Willy,Schwarz,28.3.1961,Werkstattstr. 23,42111,Wuppertal,0202 / 29084436,0175 / 4361694,0202 / 66386802,willy.schwarz@mail.xyz,ja
81,Herr,Dr.,Ali,Carr,22.8.1941,Kleiner Griechenmarkt 2,21079,Hausbruch,040 / 53639156,0177 / 5107669,040 / 63458040,ali.carr@mail.xyz,ja
82,Herr,Dr.,Jörg,McCoy,5.11.1993,Hermann-Treff-Weg 77,54413,Gusenburg,06503 / 95434130,0165 / 4378519,06503 / 55017508,joerg.mccoy@mail.xyz,ja
83,Herr,Dr.,Heinz,Coleman,7.7.1959,Meinertzstr. 161,18106,Rostock,0381 / 66876981,0178 / 2255191,0381 / 95432858,h.coleman@mail.xyz,ja
84,Frau,Dr.,Karlotta,Parsons,17.9.1976,Frauenstr. 34,65520,Bad Camberg,06434 / 36879697,0151 / 5638893,06434 / 43881659,karlotta.parsons@mail.xyz,ja
85,Frau,Dr.,Karin,Haupt,24.5.1991,Hensenstr. 152,84371,Triftern,08562 / 84599268,0155 / 6195310,08562 / 52195347,k.haupt@mail.xyz,ja
86,Herr,Dr.,Oskar,Link,9.11.1977,Dodostr. 114,52072,Aachen,0241 / 10669769,0159 / 6119860,0241 / 57123823,oskar.link@mail.xyz,ja
87,Frau,Dr.,Angelina,Strickland,28.7.1931,Carossastr. 69,71120,Grafenau,07033 / 24505945,0156 / 1043378,07033 / 55054101,angelina.strickland@mail.xyz,ja
88,Frau,Dr.,Mina,Zapf,7.8.1936,Kempener Str. 30,54675,Fischbach-Oberraden,06564 / 6956713,0155 / 8929100,06564 / 46309810,m.zapf@mail.xyz,ja
89,Herr,Dr.,Niels,Heilmann,23.12.1942,Am Brook 26,90587,Tuchenbach,0911 / 92298412,0154 / 9242225,0911 / 16339513,niels.heilmann@mail.xyz,ja
90,Frau,Dr.,Anastasia,Schmid,19.5.1928,Sanddornweg 27,95447,Bayreuth,0921 / 74503567,0151 / 2691989,0921 / 77021205,a.schmid@mail.xyz,ja
91,Herr,Dr.,Stefan,Gabel,4.9.1934,Wolbecker Str. 151,27729,Vollersode,04793 / 83353920,0152 / 9253392,04793 / 87778540,stefan.gabel@mail.xyz,ja
92,Herr,Dr.,Curt,Ufer,16.6.1977,Telgenweg 59,17139,Basedow,03994 / 30077122,0163 / 2984761,03994 / 27776654,c.ufer@mail.xyz,ja
93,Frau,Dr.,Waltraut,Wille,16.8.1944,Schiffahrter Damm 14,38312,Cramme,05334 / 8705740,0166 / 6656031,05334 / 12320749,w.wille@mail.xyz,ja
94,Herr,Dr.,David,Page,19.2.1985,Hofstr. 105,79249,Merzhausen,0761 / 54522087,0167 / 2290950,0761 / 79719921,david.page@mail.xyz,ja
95,Frau,Dr.,Bettina,Kauer,20.8.1926,Kappenberger Damm 36,72070,Tübingen,07071 / 86110699,0171 / 4178834,07071 / 37289765,b.kauer@mail.xyz,ja
96,Frau,Dr.,Mandy,Zeitler,14.11.1944,Hogenbergstr. 6,38531,Rötgesbüttel,05304 / 34031732,0174 / 3961318,05304 / 24752668,m.zeitler@mail.xyz,ja
97,Frau,Dr.,Amelie,Jäckel,27.4.1976,Am Hörsterfriedhof 138,85077,Manching,08459 / 1021788,0167 / 8573702,08459 / 89707455,amelie.jaeckel@mail.xyz,ja
98,Herr,Dr.,Louis,Sperling,4.4.1935,Dreilinden 111,50181,Bedburg,02272 / 76478429,0168 / 1072429,02272 / 27778381,louis.sperling@mail.xyz,ja
99,Herr,Dr.,Dario,Hessler,12.7.1942,Ripenhorst 181,24977,Westerholz,04636 / 49019400,0157 / 2363098,04636 / 56517811,d.hessler@mail.xyz,ja
100,Frau,Prof.,Inga,Grothe,26.1.1959,Hüfferstr. 116,01877,Bischofswerda,03594 / 20924140,0166 / 4769226,03594 / 35113876,inga.grothe@mail.xyz,ja
101,Frau,Dr.,Caroline,Engler,17.5.1936,Bielefelder Str. 190,24376,Grödersby,04642 / 31324457,0172 / 6747217,04642 / 96480970,caroline.engler@mail.xyz,ja
102,Herr,Prof.,Victor,Mann,18.6.1973,Norbertstr. 120,59075,Hamm,02381 / 19672930,0173 / 4738465,02381 / 21396371,v.mann@mail.xyz,ja
103,Frau,Dr.,Ursula,Byrd,13.10.1925,Agrippastr. 30,25371,Seestermühe,04125 / 76977175,0164 / 4940440,04125 / 49319802,ursula.byrd@mail.xyz,ja
104,Herr,Dr.,Günther,Shelton,6.10.1992,Münsterstr. 135,93359,Wildenberg,09444 / 15020910,0172 / 7438184,09444 / 39451507,g.shelton@mail.xyz,ja
105,Herr,Dr.,Mirko,Schmied,4.7.1997,Stettiner Str. 149,25764,Wesselburen,04833 / 4635038,0163 / 7203921,04833 / 33153683,m.schmied@mail.xyz,ja
106,Frau,Dr.,Sandra,Salazar,1.7.1999,Studtstr. 106,64390,Erzhausen,06150 / 38916389,0151 / 6499837,06150 / 69911393,sandra.salazar@mail.xyz,ja
107,Herr,Dr.,Jannis,Thiemann,8.5.1954,Gottesweg 83,37249,Neu-Eichenberg,05504 / 95041330,0160 / 9503218,05504 / 64971210,jannis.thiemann@mail.xyz,ja
108,Frau,Prof.,Rosemarie,Denk,21.11.1973,Rohrkampstr. 146,09648,Altmittweida,03727 / 15409080,0178 / 8500375,03727 / 74147657,rosemarie.denk@mail.xyz,ja
109,Frau,Dr.,Alicia,Hillen,3.8.1969,Schiffahrter Damm 82,08349,Johanngeorgenstadt,03773 / 74233331,0153 / 5267950,03773 / 12503217,alicia.hillen@mail.xyz,ja
110,Frau,Dr.,Jessica,Heinemann,9.7.1985,Erikahof 174,40213,Düsseldorf,0211 / 9450657,0152 / 3293143,0211 / 91210919,jessica.heinemann@mail.xyz,ja
111,Herr,Prof.,Miguel,Jäkel,24.12.1995,Zum Guten Hirten 18,55618,Simmertal,06754 / 75425086,0178 / 4340435,06754 / 91989988,m.jaekel@mail.xyz,ja
112,Frau,Dr.,Nadin,Kuhlmann,1.2.1923,Gustav-Tweer-Weg 176,57612,Giesenhausen,02662 / 3316161,0152 / 9874489,02662 / 58403611,n.kuhlmann@mail.xyz,ja
113,Frau,Dr.,Céline,Hieber,10.11.1936,Catharina-Müller-Str. 108,33803,Steinhagen,05204 / 85568570,0154 / 2593677,05204 / 12339026,celine.hieber@mail.xyz,ja
114,Herr,Dr.,Dario,Hahne,5.3.1996,Am Oedingteich 50,67308,Einselthum,06351 / 86533384,0159 / 3874226,06351 / 74735907,dario.hahne@mail.xyz,ja
115,Herr,Dr.,Mathis,Guth,26.10.1945,Carossastr. 60,69123,Heidelberg,06221 / 33715933,0165 / 6091013,06221 / 79685207,m.guth@mail.xyz,ja
116,Frau,Dr.,Tara,Reiser,9.2.1953,Elsa-Brändström-Weg 170,75245,Neulingen,07237 / 28663501,0152 / 2695109,07237 / 36566931,t.reiser@mail.xyz,ja
117,Frau,Dr.,Marion,Horst,22.4.1978,Max-Winkelmann-Str. 71,25797,Wöhrden,04839 / 30308370,0157 / 5224267,04839 / 28146145,m.horst@mail.xyz,ja
118,Herr,Dr.,Meik,Clayton,19.2.1969,Am Krausen Baum 109,29416,Steinitz,03901 / 67580882,0153 / 5966950,03901 / 17573303,m.clayton@mail.xyz,ja
119,Frau,Prof.,Samantha,Hertwig,22.11.1961,Friedrichstr. 153,96164,Kemmern,09544 / 59535267,0170 / 3225039,09544 / 5554057,samantha.hertwig@mail.xyz,ja
120,Frau,Dr.,Nina,Wagenknecht,26.3.1969,Kapellenstr. 157,71126,Öschelbronn,07032 / 34299966,0159 / 1951676,07032 / 85037965,n.wagenknecht@mail.xyz,ja
121,Herr,Dr.,Henrik,Körber,28.12.1930,Am Römerhof 22,79111,Freiburg,0761 / 48717473,0161 / 7511753,0761 / 9687492,henrik.koerber@mail.xyz,ja
122,Herr,Prof.,Muhammed,Zellner,18.9.1991,Stolbergstr. 99,23779,Neukirchen,04365 / 67593885,0171 / 9271518,04365 / 55827515,m.zellner@mail.xyz,ja
123,Frau,Dr.,Erica,Williams,14.4.1995,Immelmannstr. 87,35713,Eschenburg,02770 / 12239771,0159 / 4841160,02770 / 10822851,e.williams@mail.xyz,ja
124,Frau,Dr.,Leah,Kampe,12.12.1920,Ölbergstr. 148,67746,Unterjeckenbach,06382 / 37255367,0154 / 1510238,06382 / 29406398,l.kampe@mail.xyz,ja
125,Herr,Dr.,Thomas,Parker,15.3.1922,Stettiner Str. 21,82205,Gilching,08105 / 37254831,0171 / 8404473,08105 / 44697369,t.parker@mail.xyz,ja
126,Frau,Prof.,Rike,Reeves,8.7.1953,Olpener Str. 155,48683,Ahaus,02561 / 72523704,0165 / 6723500,02561 / 4001836,rike.reeves@mail.xyz,ja
127,Frau,Dr.,Celine,Moosmann,27.4.2000,Gustav-Tweer-Weg 168,47475,Kamp-Lintfort,02842 / 8726477,0178 / 4060777,02842 / 60214074,c.moosmann@mail.xyz,ja
128,Frau,Dr.,Carin,Scheller,14.1.1936,Speestr. - 87a,79798,Jestetten,07745 / 39374762,0161 / 9588575,07745 / 54974476,c.scheller@mail.xyz,ja
129,Herr,Dr.,Carsten,Garner,11.10.1977,Horstmarer Landweg 127,74626,Bretzfeld,07946 / 24214417,0173 / 9843964,07946 / 37159338,c.garner@mail.xyz,ja
130,Herr,Dr.,Mark,Weiß,21.5.1942,Wiedehagen 98,94262,Kollnburg,09942 / 54534319,0174 / 7695386,09942 / 58202364,mark.weiss@mail.xyz,ja
131,Frau,Dr.,Mina,Williams,28.6.1978,Stettiner Str. 66,47652,Weeze,02837 / 60445241,0164 / 5765500,02837 / 70152382,mina.williams@mail.xyz,ja
132,Herr,Dr.,Quentin,Austin,12.2.1962,Elsa-Brändström-Weg 91,79739,Schwörstadt,07762 / 64500010,0155 / 6195773,07762 / 72409646,quentin.austin@mail.xyz,ja
133,Herr,Dr.,Can,Otte,19.2.1981,Methweg 63a,12049,Berlin - Neukölln,030 / 51448043,0154 / 3159220,030 / 39009328,c.otte@mail.xyz,ja
134,Herr,Dr.,Jannes,Willis,4.2.1961,Sanddornweg 40,19372,Rom,06594 / 83979492,0153 / 8352713,06594 / 91753496,j.willis@mail.xyz,ja
135,Frau,Dr.,Stella,Fitzgerald,9.6.1965,Kirchstr. 72,97080,Würzburg,0931 / 37553549,0153 / 1906974,0931 / 38641281,s.fitzgerald@mail.xyz,ja
136,Frau,Dr.,Sigrid,Wolf,26.2.1925,Kröver Str. 148,03222,Klein Radden,03542 / 34363877,0155 / 4043270,03542 / 40588129,s.wolf@mail.xyz,ja
137,Frau,Dr.,Annette,Rein,25.10.1983,Mierendorffstr. 94,74906,Bonfeld,07066 / 56327827,0152 / 2980661,07066 / 14550304,annette.rein@mail.xyz,ja
138,Herr,Dr.,Nic,Rapp,26.10.1973,Albachtener Str. 64,23911,Pogeez,04541 / 15899633,0161 / 1205931,04541 / 93480275,nic.rapp@mail.xyz,ja
139,Frau,Dr.,Ida,Michels,20.10.1944,Am Dornbusch 54,67742,Deimberg,06382 / 77859891,0159 / 5035196,06382 / 89361805,i.michels@mail.xyz,ja
140,Frau,Dr.,Katrin,Peitz,9.5.1998,Offerkämpe 22,76872,Hergersweiler,06343 / 6581187,0168 / 4560022,06343 / 53819674,k.peitz@mail.xyz,ja
141,Frau,Dr.,Carolin,Schumacher,16.3.1929,Wiedehagen 51,46286,Lembeck,02369 / 28348801,0150 / 9834699,02369 / 16343166,c.schumacher@mail.xyz,ja
142,Frau,Dr.,Kira,Soto,28.1.1932,Im Stemmen 148,73265,Dettingen unter Teck,07021 / 74335812,0171 / 7262883,07021 / 7474296,kira.soto@mail.xyz,ja
143,Herr,Dr.,Conner,Tyler,3.5.1986,Pankokstr. 113,24361,Holzbunge,04356 / 74576475,0151 / 7864895,04356 / 72536095,conner.tyler@mail.xyz,ja
144,Herr,Prof.,Chris,Pech,23.10.1942,Dauvemühle 161,24893,Taarstedt,04622 / 31431673,0176 / 2468944,04622 / 93186060,c.pech@mail.xyz,ja
145,Herr,Dr.,Meik,Kock,7.4.1999,Rottkamp 143,54675,Lahr,06564 / 81547389,0178 / 2227816,06564 / 6273706,meik.kock@mail.xyz,ja
146,Frau,Dr.,Rike,Viessmann,4.10.1961,Soester Str. 155,54558,Strohn,06592 / 40520684,0155 / 8416757,06592 / 78835931,rike.viessmann@mail.xyz,ja
147,Herr,Dr.,Kristian,Goldmann,14.10.1957,Methweg 67,91361,Pinzberg,09191 / 70207542,0170 / 9579071,09191 / 26850131,kristian.goldmann@mail.xyz,ja
148,Herr,Prof.,Sam,Underwood,14.4.1966,Wörthstr. 89,04567,Kitzscher,03433 / 80453682,0156 / 1958474,03433 / 48284623,s.underwood@mail.xyz,ja
149,Herr,Dr.,Mads,Hackbarth,16.4.1943,Neißestr. 180,86316,Friedberg,0821 / 96595842,0174 / 6574349,0821 / 49334100,mads.hackbarth@mail.xyz,ja
150,Frau,Dr.,Luise,Schüttler,6.2.1967,Steinfurter Str. 111,27386,Westerwalsede,04266 / 57385742,0173 / 3160113,04266 / 80345122,l.schuettler@mail.xyz,ja
151,Frau,Prof.,Karlotta,Rudolph,5.8.1986,Rottkamp 20,06528,Oberröblingen,03464 / 92034493,0171 / 5165120,03464 / 34351298,karlotta.rudolph@mail.xyz,ja
152,Herr,Dr.,Julien,Walters,10.7.1980,Dingbängerweg 30,93099,Mötzing,09480 / 34931086,0172 / 8487864,09480 / 58483590,j.walters@mail.xyz,ja
153,Frau,Dr.,Anabel,Kopp,21.7.1997,Hansaring 152,54636,Eßlingen,06561 / 53679265,0150 / 9533703,06561 / 21966064,a.kopp@mail.xyz,ja
154,Herr,Dr.,Benedict,Schrader,21.6.1996,Avendruper Str. 101,14532,Stahnsdorf,03329 / 85857487,0156 / 2909097,03329 / 80307777,benedict.schrader@mail.xyz,ja
155,Frau,Dr.,Amelie,Kamp,1.7.1951,Josef-Suwelack-Weg 83,50374,Erftstadt,02235 / 64228932,0169 / 8358037,02235 / 61497429,amelie.kamp@mail.xyz,ja
156,Frau,Prof.,Pauline,Höhne,9.3.1939,Idenbrockplatz 68,31710,Buchholz,05751 / 77009529,0153 / 8569332,05751 / 40172975,pauline.hoehne@mail.xyz,ja
157,Herr,Prof.,Detlev,Schwarzkopf,6.12.1978,Offenbergstr. 60,25335,Elmshorn,04121 / 74639085,0159 / 2883561,04121 / 75351362,d.schwarzkopf@mail.xyz,ja
158,Herr,Prof.,Gerhardt,Ruf,27.7.1982,Möserweg 5,08428,Langenbernsdorf,03761 / 84307083,0176 / 6127821,03761 / 30874370,gerhardt.ruf@mail.xyz,ja
159,Frau,Dr.,Nathalie,Otterbach,10.3.1951,Salzmannstr. 113,04860,Zinna,03421 / 87202787,0150 / 6122878,03421 / 82413247,n.otterbach@mail.xyz,ja
160,Herr,Dr.,Philipp,Guzman,16.6.1924,Mersmannsstiege 53,65205,Wiesbaden,0611 / 58011641,0160 / 8714678,0611 / 98330909,p.guzman@mail.xyz,ja
161,Frau,Prof.,Emilia,Bernhard,5.2.1961,Elsa-Brändström-Weg 34,88633,Heiligenberg,07554 / 30722481,0173 / 3155546,07554 / 99991732,e.bernhard@mail.xyz,ja
162,Herr,Dr.,Danny,Roberson,13.10.1987,Schmittingheide 119,24893,Taarstedt,04622 / 496789,0153 / 2568221,04622 / 52418980,d.roberson@mail.xyz,ja
163,Herr,Dr.,Ingo,Raith,3.7.1952,Gescherweg 183,37627,Lenne am Solling,05532 / 58062920,0156 / 7133751,05532 / 44305689,ingo.raith@mail.xyz,ja
164,Frau,Dr.,Yasmin,Hacker,17.9.1995,Wiedehagen 192,76135,Karlsruhe,0721 / 77711110,0174 / 2486125,0721 / 55601535,yasmin.hacker@mail.xyz,ja
165,Herr,Dr.,Keno,Schulz,19.8.1934,Schützenstr. 59,12357,Rudow,030 / 87257021,0150 / 7044696,030 / 78546061,k.schulz@mail.xyz,ja
166,Herr,Prof.,Bruno,Perkins,25.9.1984,Schmeddingstr. 132,51503,Rösrath,02205 / 54692755,0153 / 8217512,02205 / 75245037,b.perkins@mail.xyz,ja
167,Herr,Dr.,Mohammed,Kath,27.12.1931,Deutz-Kalker Str. 100,67136,Fußgönheim,06237 / 66061449,0153 / 1035662,06237 / 11787743,mohammed.kath@mail.xyz,ja
168,Frau,Dr.,Melanie,Hütter,4.12.1969,Dahlienweg 88,47058,Duisburg,0203 / 31983218,0162 / 5794950,0203 / 53910634,melanie.huetter@mail.xyz,ja
169,Herr,Prof.,Henning,Schönfeld,27.6.1939,Hülsebrockstr. 85,54441,Kastel-Staadt,06581 / 31206053,0153 / 7127541,06581 / 9692976,henning.schoenfeld@mail.xyz,ja
170,Frau,Dr.,Martina,Vargas,26.5.1971,Kanalstr. 14,55494,Wahlbach,06761 / 53550983,0153 / 9033227,06761 / 36294476,m.vargas@mail.xyz,ja
171,Herr,Prof.,Horst,Riedl,20.1.1972,Hensenstr. 30,36163,Poppenhausen,06658 / 45082127,0155 / 2746943,06658 / 46690597,h.riedl@mail.xyz,ja
172,Frau,Dr.,Eileen,Massey,27.9.1947,Kurze Str. 102,25767,Albersdorf,04835 / 83713210,0163 / 4809451,04835 / 29337127,e.massey@mail.xyz,ja
173,Frau,Dr.,Mariella,Carmen,10.8.1932,Rottkamp 87,83122,Samerberg,08032 / 97153938,0150 / 6330592,08032 / 66713481,m.carmen@mail.xyz,ja
174,Frau,Dr.,Joy,Little,25.5.1932,Albachtener Str. 35,29556,Suderburg,05826 / 893541,0169 / 3682819,05826 / 83562754,joy.little@mail.xyz,ja
175,Frau,Dr.,Emilie,Townsend,1.2.1926,Kirchstr. 118,24989,Dollerup,04636 / 8916390,0173 / 3604370,04636 / 1289283,emilie.townsend@mail.xyz,ja
176,Frau,Dr.,Carina,Lederer,11.7.1943,Hahnenstr. 196,84094,Elsendorf,08753 / 35955194,0156 / 4912987,08753 / 48060832,carina.lederer@mail.xyz,ja
177,Herr,Dr.,Lothar,Egner,11.6.1961,Dortmunder Str. 145,46485,Wesel am Rhein,0281 / 4297523,0151 / 9773702,0281 / 65045243,lothar.egner@mail.xyz,ja
178,Herr,Dr.,Bruno,Glück,23.3.1941,Mersmannsstiege 101,23883,Hollenbek,04547 / 16651361,0170 / 3992540,04547 / 81248548,b.glueck@mail.xyz,ja
179,Herr,Dr.,Ben,Euler,5.12.1996,Lassallestr. 3,09518,Großrückerswalde,03735 / 46054400,0156 / 6619492,03735 / 43236898,ben.euler@mail.xyz,ja
180,Frau,Dr.,Anneliese,Berger,14.8.1994,Dingbängerweg 75,78658,Zimmern ob Rottweil,0741 / 53786248,0169 / 8910089,0741 / 65133393,a.berger@mail.xyz,ja
181,Herr,Dr.,Tore,Reiff,6.5.1973,Buldernweg 93,57629,Steinebach an der Wied,02662 / 32744489,0162 / 2193205,02662 / 11675864,tore.reiff@mail.xyz,ja
182,Frau,Dr.,Inge,Jäger,5.5.1957,Am Berler Kamp 48,55452,Guldental,06704 / 83978146,0166 / 4442250,06704 / 59696292,i.jaeger@mail.xyz,ja
183,Herr,Prof.,Matti,Hackl,19.5.1957,Elsa-Brändström-Weg 124,80687,München,089 / 76923005,0167 / 1950019,089 / 38686944,matti.hackl@mail.xyz,ja
184,Herr,Prof.,Hans,Hinze,6.8.1985,Eifelstr. 147,56729,Langscheid,02651 / 16496936,0160 / 8605196,02651 / 35562991,hans.hinze@mail.xyz,ja
185,Frau,Dr.,Leonie,Frenzel,1.2.1943,Angelstr. 113,90556,Seukendorf,0911 / 23881692,0158 / 8673767,0911 / 89173091,l.frenzel@mail.xyz,ja
186,Herr,Dr.,Julius,Kallweit,12.9.1961,Rückertstr. 166,88416,Ochsenhausen,07352 / 32137742,0163 / 6116497,07352 / 33039115,julius.kallweit@mail.xyz,ja
187,Herr,Prof.,Jacob,Renner,7.5.1944,An den Weiden 61,90574,Roßtal,09127 / 37531114,0168 / 4771784,09127 / 75720669,j.renner@mail.xyz,ja
188,Herr,Prof.,Kristian,Pross,3.9.1986,Kerßenbrockstr. 28,27283,Verden,04231 / 33583986,0150 / 6076439,04231 / 26357906,kristian.pross@mail.xyz,ja
189,Frau,Dr.,Natalie,Cannon,23.12.1934,Werseblick 95,56743,Thür,02652 / 61694113,0176 / 9894326,02652 / 1109641,n.cannon@mail.xyz,ja
190,Frau,Dr.,Kristina,Börner,10.9.1939,Unter Kahlenhausen 92,03205,Mlode,03541 / 10107281,0152 / 2974702,03541 / 78196626,k.boerner@mail.xyz,ja
191,Herr,Prof.,Wilfried,Seyfried,27.5.1980,Hirseweg 193,21493,Sahms,04151 / 54684875,0170 / 6406372,04151 / 71024394,w.seyfried@mail.xyz,ja
192,Herr,Prof.,Viktor,Siemon,27.9.1949,Steinkamp 53,56751,Polch,02654 / 33322627,0172 / 7015622,02654 / 82732790,v.siemon@mail.xyz,ja
193,Frau,Dr.,Kira,Paschke,21.12.1956,Am Krausen Baum 173,67657,Kaiserslautern,0631 / 37408476,0175 / 3830817,0631 / 45599118,kira.paschke@mail.xyz,ja
194,Frau,Prof.,Gertrud,Heckmann,28.10.1960,Von-Holte-Str. 51,23883,Seedorf,04547 / 71643129,0157 / 4683991,04547 / 33406649,gertrud.heckmann@mail.xyz,ja
195,Herr,Dr.,Lewin,Petermann,7.10.1988,Wolbecker Str. 27,91462,Dachsbach,09163 / 17629451,0173 / 2579122,09163 / 27068125,l.petermann@mail.xyz,ja
196,Herr,Dr.,Ole,Hopkins,6.1.1964,Florentine-Eichler-Str. 80a,67577,Alsheim,06249 / 71226196,0175 / 6670746,06249 / 70916556,ole.hopkins@mail.xyz,ja
197,Herr,Prof.,Clemens,Morales,7.1.1924,Düesbergweg 177,54673,Karlshausen,06564 / 72822467,0161 / 8992321,06564 / 2242953,c.morales@mail.xyz,ja
198,Frau,Dr.,Nelly,Uhlig,5.7.1990,Gildenstr. 178a,27628,Driftsethe,04746 / 47123527,0167 / 6439476,04746 / 60086233,nelly.uhlig@mail.xyz,ja
199,Frau,Dr.,Janina,Blake,15.4.1986,Werkstattstr. 133,76848,Darstein,06392 / 86415378,0152 / 1725699,06392 / 96626915,janina.blake@mail.xyz,ja
200,Frau,Dr.,Sabine,Grothe,13.9.1971,Königsberger Str. 39,31079,Eberholzen,05065 / 90372977,0153 / 1720391,05065 / 74031426,sabine.grothe@mail.xyz,ja
201,Frau,Dr.,Hannah,Markmann,19.1.1995,Gasselstiege 134,86943,Thaining,08194 / 28149807,0153 / 1755595,08194 / 97726732,hannah.markmann@mail.xyz,ja
202,Herr,Dr.,Johannes,Wessels,27.9.1940,Am Filk 177,27243,Harpstedt,04244 / 48384273,0156 / 9294612,04244 / 2746800,johannes.wessels@mail.xyz,ja
203,Frau,Prof.,Michelle,Ehlert,10.5.1986,Nauheimer Str. 147,24616,Willenscharen,04822 / 40098293,0174 / 5547254,04822 / 85227444,m.ehlert@mail.xyz,ja
204,Frau,Dr.,Mia,Zenker,27.3.1945,Am Blütenhain 53,10623,Berlin,030 / 50336391,0165 / 7335149,030 / 26852501,mia.zenker@mail.xyz,ja
205,Herr,Dr.,Muhammed,Niemann,5.8.1948,Im Stemmen 177,48329,Havixbeck,02507 / 41232675,0168 / 9757529,02507 / 95360333,muhammed.niemann@mail.xyz,ja
206,Frau,Dr.,Larissa,Starke,11.6.1930,Landoisstr. 78,24819,Nienborstel,04871 / 78498695,0170 / 8422113,04871 / 51788163,larissa.starke@mail.xyz,ja
207,Herr,Dr.,Niklas,Brady,27.12.1953,Weseler Str. 66a,79848,Bonndorf,07703 / 52972263,0171 / 5480255,07703 / 95911884,n.brady@mail.xyz,ja
208,Frau,Prof.,Xenia,Dehne,6.9.1955,Hogenbergstr. 26,57648,Bölsberg,02661 / 73306106,0155 / 9067976,02661 / 73455114,x.dehne@mail.xyz,ja
209,Herr,Dr.,Mathias,Hirth,23.11.1949,Am Brook 49a,26427,Dunum,04971 / 90112383,0150 / 2265770,04971 / 30302781,mathias.hirth@mail.xyz,ja
210,Herr,Dr.,Jason,Wachter,12.4.1950,Max-Winkelmann-Str. 69,66955,Pirmasens,06331 / 20914529,0170 / 3952718,06331 / 45763221,jason.wachter@mail.xyz,ja
211,Herr,Dr.,Moritz,Wallner,20.6.1999,Im Sonnentau 170,07924,Volkmannsdorf,03663 / 3397718,0177 / 9416247,03663 / 69231563,moritz.wallner@mail.xyz,ja
212,Frau,Dr.,Melissa,Orth,6.4.1997,Deutz-Kalker Str. 72,56479,Stein-Neukirch,02667 / 7174821,0153 / 3562976,02667 / 26576070,melissa.orth@mail.xyz,ja
213,Herr,Prof.,Linus,Ziller,9.4.1947,Kleiner Griechenmarkt 103,46286,Dorsten,02362 / 2915864,0168 / 9218563,02362 / 9244631,linus.ziller@mail.xyz,ja
214,Herr,Prof.,Jonathan,Sutton,26.8.1963,Neusser Str. 51,53925,Kall,02441 / 17552799,0177 / 8074843,02441 / 32498722,j.sutton@mail.xyz,ja
215,Herr,Prof.,Justus,Gonzalez,3.4.1983,Am Pulverschuppen 27,89605,Altheim,07391 / 17245247,0162 / 4508405,07391 / 41408755,j.gonzalez@mail.xyz,ja
216,Frau,Prof.,Annette,Kaplan,1.9.1963,Am Filk 30,54619,Herzfeld,06550 / 98701407,0172 / 9068022,06550 / 93444783,annette.kaplan@mail.xyz,ja
217,Herr,Prof.,Leander,Wehmeyer,18.2.1945,Emdener Str. 114,97337,Dettelbach,09324 / 47852169,0156 / 3296311,09324 / 32596701,leander.wehmeyer@mail.xyz,ja
218,Frau,Dr.,Chantall,Hein,26.12.1963,Christinastr. 174,02625,Salzenforst,03591 / 24228135,0163 / 4515822,03591 / 75991214,c.hein@mail.xyz,ja
219,Frau,Dr.,Fiona,Garrett,7.4.1925,Düesbergweg 25,95359,Kasendorf,09228 / 67066179,0155 / 7328965,09228 / 56857227,f.garrett@mail.xyz,ja
220,Frau,Dr.,Angela,Einecke,18.12.1925,Wollinstr. 87,56077,Koblenz am Rhein,0261 / 13890767,0178 / 5022956,0261 / 34545777,a.einecke@mail.xyz,ja
221,Herr,Prof.,Mert,Ziegler,17.6.1927,Heinrichstr. 24a,34537,Bad Wildungen,05621 / 88064162,0169 / 4290400,05621 / 64022324,m.ziegler@mail.xyz,ja
222,Herr,Dr.,Leo,Nell,6.8.1985,Am Römerhof 159,85116,Egweil,08424 / 23802591,0157 / 4856783,08424 / 21405564,l.nell@mail.xyz,ja
223,Herr,Prof.,Robert,Ewald,1.6.1990,Westenkamp 167,77960,Seelbach,07823 / 38210433,0156 / 1539638,07823 / 98990484,r.ewald@mail.xyz,ja
224,Herr,Prof.,Thore,Siegle,8.11.1955,Weseler Str. 101,79639,Grenzach-Wyhlen,07624 / 59400845,0171 / 5010430,07624 / 87957074,t.siegle@mail.xyz,ja
225,Frau,Prof.,Margot,Gibbs,20.11.1988,Paul-Engelhard-Weg 37,71397,Leutenbach,07195 / 36619620,0159 / 4949214,07195 / 72087443,margot.gibbs@mail.xyz,ja
226,Frau,Dr.,Elisabeth,Wacker,1.4.1971,Breul 198,25842,Ockholm,04674 / 40440938,0167 / 8877081,04674 / 66771785,e.wacker@mail.xyz,ja
227,Herr,Dr.,Bruno,Haase,1.5.1946,Schützenstr. 112,55469,Oppertshausen,06761 / 28259998,0150 / 4608645,06761 / 49032393,bruno.haase@mail.xyz,ja
228,Herr,Dr.,Niklas,Höfer,27.7.1940,Heisstr. 70,79199,Kirchzarten,07661 / 23183872,0167 / 8028800,07661 / 37159894,n.hoefer@mail.xyz,ja
229,Herr,Dr.,René,Manning,2.10.1953,Hahnenstr. 96,29568,Wieren,05825 / 91966743,0178 / 3351335,05825 / 75941980,r.manning@mail.xyz,ja
230,Frau,Dr.,Fabienne,Geissler,26.12.1922,Josef-Suwelack-Weg 72,90439,Nürnberg,0911 / 56204168,0151 / 9740698,0911 / 61262905,fabienne.geissler@mail.xyz,ja
231,Frau,Dr.,Yasmin,Oliver,28.6.1973,Sophienstr. 46,58454,Witten,02302 / 43784029,0167 / 8320367,02302 / 38255064,y.oliver@mail.xyz,ja
232,Herr,Dr.,Mats,Fördern,25.4.1942,Hensenstr. 25,25881,Westerhever,04862 / 35960290,0150 / 5329095,04862 / 26384336,mats.foerdern@mail.xyz,ja
233,Herr,Dr.,Emre,Schwarzbach,3.12.1966,Am Krausen Baum 78,79359,Riegel am Kaiserstuhl,07642 / 98946740,0163 / 3807539,07642 / 67604821,emre.schwarzbach@mail.xyz,ja
234,Herr,Prof.,Matthis,Zenker,24.2.1923,Telemannstr. 118,24326,Dersau,04522 / 16321350,0162 / 9324842,04522 / 56112264,m.zenker@mail.xyz,ja
235,Herr,Dr.,Wilhelm,Cremer,6.1.1966,Am Grauen Stein 5,88167,Röthenbach,08384 / 196799,0173 / 7623403,08384 / 56960583,wilhelm.cremer@mail.xyz,ja
236,Frau,Dr.,Tanja,Boos,2.2.1957,Mariendorfer Str. 72,55232,Alzey,06731 / 39290576,0172 / 2689025,06731 / 7925871,t.boos@mail.xyz,ja
237,Herr,Dr.,Janik,Janz,11.4.1992,Arnheimweg 15,88147,Achberg,08380 / 74538451,0173 / 1449236,08380 / 2759271,janik.janz@mail.xyz,ja
238,Herr,Dr.,Rainer,Wedekind,13.4.1925,Möserweg 122,21445,Wulfsen,04173 / 3539414,0162 / 5413962,04173 / 96602674,r.wedekind@mail.xyz,ja
239,Herr,Dr.,Victor,Atkins,27.11.1951,Schmeddingstr. 155,55585,Duchroth,06708 / 42987106,0173 / 5711744,06708 / 24439329,victor.atkins@mail.xyz,ja
240,Frau,Dr.,Mara,Tekin,2.12.1927,Sanddornweg 108,25881,Tümlauer Koog,04862 / 61849926,0157 / 2458769,04862 / 32416354,mara.tekin@mail.xyz,ja
241,Herr,Dr.,Kai,Koller,22.10.1952,Avendruper Str. 189,79348,Freiamt,07645 / 4522435,0160 / 1244063,07645 / 10177321,k.koller@mail.xyz,ja
242,Frau,Dr.,Romy,Zander,18.3.1983,Dorbaumstr. 192,74743,Seckach,06292 / 60123913,0154 / 9971797,06292 / 37090885,romy.zander@mail.xyz,ja
243,Frau,Dr.,Laura,Winkelmann,1.10.1981,Janningsweg 142,23845,Grabau,04531 / 29560599,0165 / 7824549,04531 / 90910094,l.winkelmann@mail.xyz,ja
244,Frau,Prof.,Kristine,Karcher,8.7.1954,Arnheimweg 137,25557,Beldorf,04872 / 93382103,0155 / 6874112,04872 / 71831048,kristine.karcher@mail.xyz,ja
245,Frau,Dr.,Melina,Zoeller,16.1.1936,Kröver Str. 55,93345,Hausen,09448 / 94158826,0166 / 5633843,09448 / 13452264,m.zoeller@mail.xyz,ja
246,Herr,Dr.,Mirco,Hahn,9.10.1997,Breslauer Str. 170a,78601,Mahlstetten,07429 / 76924165,0153 / 5968306,07429 / 82175732,mirco.hahn@mail.xyz,ja
247,Herr,Dr.,Gerhardt,Grosse,14.2.1996,Meesenstiege 152,04103,Leipzig,0341 / 46155813,0177 / 4005663,0341 / 3549990,gerhardt.grosse@mail.xyz,ja
248,Frau,Prof.,Heike,Kaminski,17.6.1980,Breslauer Str. 18,58089,Hagen,02331 / 73978135,0154 / 1228682,02331 / 57026787,h.kaminski@mail.xyz,ja
249,Herr,Dr.,Karl,Sachse,1.10.1965,Ossenkampstiege 85,33613,Bielefeld,0521 / 98137586,0159 / 1809389,0521 / 66436280,k.sachse@mail.xyz,ja
250,Frau,Dr.,Judith,Brockmann,6.6.1934,Äußere Kanalstr. 5,79771,Klettgau,07742 / 53385496,0167 / 6591959,07742 / 46328655,j.brockmann@mail.xyz,ja
251,Frau,Dr.,Malin,Waten,11.2.1998,Skagerrakstr. 28,53506,Heckenbach,02643 / 58325131,0176 / 3972924,02643 / 85772616,m.waten@mail.xyz,ja
252,Frau,Dr.,Clara,Brendel,6.5.1994,Am Burloh 116,54675,Roth an der Our,06564 / 18522857,0155 / 4258299,06564 / 89328801,c.brendel@mail.xyz,ja
253,Herr,Prof.,Axel,Sperling,2.10.1971,Hoove 166a,54492,Lösnich,06531 / 44802638,0167 / 5096735,06531 / 69545801,a.sperling@mail.xyz,ja
254,Frau,Dr.,Judith,Payne,13.8.1922,Hillscheider Weg 117,17440,Buddenhagen,03836 / 38122714,0161 / 2039887,03836 / 75971733,j.payne@mail.xyz,ja
255,Frau,Dr.,Isabella,Sommerfeld,5.10.1987,Rottkamp 84,90461,Nürnberg,0911 / 93201578,0158 / 2417881,0911 / 50169351,i.sommerfeld@mail.xyz,ja
256,Herr,Prof.,Karl,Dressler,8.7.1985,Heroldstr. 105,14467,Potsdam,0331 / 23638331,0166 / 4136800,0331 / 85643858,karl.dressler@mail.xyz,ja
257,Herr,Dr.,Jonah,Wolters,26.2.1922,Kröver Str. 57,23966,Wismar,03841 / 61818029,0176 / 8834702,03841 / 83206718,jonah.wolters@mail.xyz,ja
258,Herr,Prof.,Janik,Mathis,3.7.1993,Kirchstr. 132,94118,Jandelsbrunn,08583 / 48463132,0152 / 7361638,08583 / 59644777,j.mathis@mail.xyz,ja
259,Frau,Prof.,Kira,Brendel,1.2.1969,Bernhard-Poether-Str. 140,93356,Teugn,09405 / 27943896,0151 / 9721346,09405 / 650904,k.brendel@mail.xyz,ja
260,Frau,Dr.,Janine,Petry,9.8.1993,Gasselstiege 133,25712,Hochdonn,04825 / 40402377,0155 / 5084406,04825 / 2419865,janine.petry@mail.xyz,ja
261,Herr,Dr.,Manuel,Wiener,7.6.1932,Ostmarkstr. 159a,14478,Potsdam,0331 / 26938236,0162 / 5377526,0331 / 14363789,manuel.wiener@mail.xyz,ja
262,Herr,Dr.,Norbert,Hartl,14.6.1963,Piusallee 33,37194,Bodenfelde,05572 / 78979731,0171 / 8437862,05572 / 82662025,norbert.hartl@mail.xyz,ja
263,Frau,Dr.,Helga,Wiedmann,24.1.1946,Mecklenbecker Str. 193,91362,Pretzfeld,09194 / 20901017,0150 / 5645818,09194 / 86306656,helga.wiedmann@mail.xyz,ja
264,Herr,Dr.,Jakob,Herman,11.4.1969,Gescherweg 182,95028,Hof an der Saale,09281 / 96052672,0169 / 1143567,09281 / 69658978,j.herman@mail.xyz,ja
265,Frau,Dr.,Ann,Fiedler,24.7.1940,Ringelnatzstr. 84,53520,Rodder,02691 / 78434000,0178 / 4056981,02691 / 65014814,ann.fiedler@mail.xyz,ja
266,Herr,Prof.,Linus,Feller,9.9.1953,Schmittingheide 189,85309,Pörnbach,08446 / 5313191,0173 / 4830543,08446 / 64407393,l.feller@mail.xyz,ja
267,Frau,Dr.,Janina,Schwindt,17.7.1996,Raesfeldstr. 104,47443,Moers,02841 / 62064010,0165 / 6499842,02841 / 54056985,j.schwindt@mail.xyz,ja
268,Herr,Dr.,Rudolph,Thaler,24.2.1987,Am Nubbenberg 104,99428,Ottstedt am Berge,03643 / 73418803,0174 / 4739467,03643 / 35345255,r.thaler@mail.xyz,ja
269,Herr,Dr.,Anton,Kropf,16.3.1978,Osthuesheide 138,67593,Bermersheim,06244 / 51184904,0156 / 7683955,06244 / 24684593,a.kropf@mail.xyz,ja
270,Frau,Dr.,Inge,Eck,9.11.1927,Westenkamp 197,66126,Saarbrücken,0681 / 38765945,0165 / 8349164,0681 / 53183823,inge.eck@mail.xyz,ja
271,Frau,Dr.,Mariella,Siegle,24.11.1952,Mersmannsstiege 57,24869,Dörpstedt,04627 / 65668965,0154 / 8799203,04627 / 84773692,mariella.siegle@mail.xyz,ja
272,Herr,Prof.,Riccardo,Heuer,26.5.1943,Gottesweg 31,55765,Ellenberg,06782 / 53978333,0151 / 9957481,06782 / 13810539,riccardo.heuer@mail.xyz,ja
273,Herr,Dr.,Willi,Krieger,23.4.1966,Friedrich-Ebert-Str. 153,10781,Berlin,030 / 59004687,0160 / 7765922,030 / 56264734,willi.krieger@mail.xyz,ja
274,Frau,Dr.,Maike,Floyd,25.5.1941,Janningsweg 39,54595,Weinsheim,06551 / 11072331,0155 / 8627321,06551 / 42252910,maike.floyd@mail.xyz,ja
275,Frau,Dr.,Christine,Wendt,13.5.1941,Ringelnatzstr. 76,28197,Bremen,0421 / 7245955,0176 / 2545843,0421 / 19658627,christine.wendt@mail.xyz,ja
276,Frau,Dr.,Annica,Oberländer,10.3.1926,Emdener Str. 105,56459,Elbingen,06435 / 62709051,0171 / 7250913,06435 / 76680932,annica.oberlaender@mail.xyz,ja
277,Herr,Dr.,Mohammed,Lotz,13.2.1969,Kleiner Griechenmarkt 138,24361,Holzbunge,04356 / 23904920,0175 / 6451556,04356 / 70711694,m.lotz@mail.xyz,ja
278,Frau,Dr.,Ella,Keiser,26.6.1938,Hermann-Treff-Weg 79,44287,Dortmund,0231 / 32421798,0166 / 2046332,0231 / 55354501,e.keiser@mail.xyz,ja
279,Herr,Prof.,Louis,Stiller,3.7.1972,Im Stemmen 60,56244,Freilingen,02666 / 98867548,0154 / 4826174,02666 / 80383697,louis.stiller@mail.xyz,ja
280,Herr,Dr.,Friedrich,Mutz,7.4.1978,Hillscheider Weg 168,98693,Unterpörlitz,03677 / 33647948,0170 / 3875090,03677 / 50331320,f.mutz@mail.xyz,ja
281,Frau,Prof.,Juli,Todd,10.10.1967,Stolbergstr. 179,98673,Eisfeld,03686 / 21132017,0179 / 4145319,03686 / 43217341,j.todd@mail.xyz,ja
282,Frau,Dr.,Anastasia,Kemper,9.9.1980,Eulenbergstr. 35,07389,Gertewitz,03647 / 11283031,0159 / 8097381,03647 / 58205826,anastasia.kemper@mail.xyz,ja
283,Frau,Dr.,Johanna,Kania,24.11.1969,Wildpfad 189,06308,Siersleben,03475 / 60480004,0173 / 2050392,03475 / 74998398,johanna.kania@mail.xyz,ja
284,Frau,Dr.,Klaudia,Guth,20.9.1957,Gasselstiege 84,49843,Halle,05942 / 88221721,0174 / 9824732,05942 / 77332631,klaudia.guth@mail.xyz,ja
285,Frau,Prof.,Jasmin,Ortega,8.9.1930,Düesbergweg 59,06556,Kalbsrieth,03466 / 79761785,0154 / 3082241,03466 / 39176199,j.ortega@mail.xyz,ja
286,Frau,Dr.,Annabell,Kim,10.1.1995,Am Grauen Stein 20,35091,Cölbe,06421 / 3531460,0156 / 3679304,06421 / 45624861,annabell.kim@mail.xyz,ja
287,Herr,Dr.,Ullrich,Schultz,20.11.1945,Eulenbergstr. 130,69493,Hirschberg an der Bergstraße,06201 / 28393990,0164 / 2314832,06201 / 3730860,u.schultz@mail.xyz,ja
288,Herr,Dr.,Günter,Herter,14.3.1997,Schmeddingstr. 181,67729,Sippersfeld,06357 / 17611009,0155 / 3127739,06357 / 78014921,guenter.herter@mail.xyz,ja
289,Herr,Dr.,Julien,Fahl,15.6.1985,Jägerstr. A 77,38729,Lutter am Barenberge,05383 / 49141172,0169 / 4206448,05383 / 86864937,j.fahl@mail.xyz,ja
290,Herr,Dr.,Meik,Görtz,15.3.1927,Telemannstr. 105,78253,Eigeltingen,07774 / 4630009,0168 / 6526292,07774 / 30861399,m.goertz@mail.xyz,ja
291,Frau,Prof.,Rosa,Siekmann,9.11.1933,Stolbergstr. 7,37697,Lauenförde,05271 / 39519906,0167 / 2599291,05271 / 96132444,r.siekmann@mail.xyz,ja
292,Herr,Dr.,Marten,Kahle,17.6.1934,Breslauer Str. 182,63811,Stockstadt am Main,06027 / 9717786,0164 / 3067136,06027 / 24081149,marten.kahle@mail.xyz,ja
293,Frau,Dr.,Krista,Butz,21.9.1996,Angelmodder Weg 107,54689,Daleiden,06550 / 36403285,0170 / 2435063,06550 / 18819300,k.butz@mail.xyz,ja
294,Herr,Dr.,Julien,Nagler,1.6.1941,Vorgebirgstr. 22,99894,Ernstroda,03623 / 69507156,0170 / 5428957,03623 / 20797535,j.nagler@mail.xyz,ja
295,Herr,Dr.,Helmut,Lammers,3.8.1931,Flaßkuhl 77,94439,Roßbach,08547 / 68939273,0157 / 6552256,08547 / 53153254,helmut.lammers@mail.xyz,ja
296,Herr,Dr.,Harald,Hernandez,16.4.1933,Cheruskerstr. 130,54552,Neichen,02692 / 73270072,0169 / 7096405,02692 / 9184812,h.hernandez@mail.xyz,ja
297,Frau,Dr.,Judith,Mielke,5.11.1973,Sophienstr. 188,86450,Altenmünster,08295 / 29473018,0163 / 4592032,08295 / 48884245,judith.mielke@mail.xyz,ja
298,Frau,Dr.,Sara,Rupprecht,20.12.1936,Dreizehnerstr. 104,54655,Etteldorf,06563 / 30619721,0160 / 7469043,06563 / 75844002,s.rupprecht@mail.xyz,ja
299,Frau,Prof.,Leonie,Rahm,18.11.1995,Nerzweg 101,54675,Geichlingen,06564 / 41464004,0179 / 2137747,06564 / 5750343,l.rahm@mail.xyz,ja
300,Frau,Dr.,Sofie,Hutter,14.8.1933,Piusallee 67,84432,Hohenpolding,08084 / 74941382,0161 / 8015218,08084 / 9249649,s.hutter@mail.xyz,ja
301,Herr,Dr.,Claus,Wiens,17.4.1930,Josef-Suwelack-Weg 189,94160,Ringelai,08555 / 47070153,0179 / 9294603,08555 / 72372378,claus.wiens@mail.xyz,ja
302,Herr,Prof.,Mads,Seyfried,17.2.1985,Grevener Str. 15,18528,Bergen auf Rügen,03838 / 20904007,0174 / 1230790,03838 / 48507756,m.seyfried@mail.xyz,ja
303,Frau,Dr.,Lina,Kegel,18.1.1923,Straßburger Weg 41,56281,Hungenroth,06747 / 33745477,0177 / 6414095,06747 / 12876666,l.kegel@mail.xyz,ja
304,Herr,Dr.,Rasmus,Friedrich,12.6.1991,Idenbrockplatz 7,88045,Friedrichshafen,07541 / 18926047,0156 / 8971460,07541 / 54399456,rasmus.friedrich@mail.xyz,ja
305,Frau,Prof.,Anke,Classen,12.5.1930,Dachsleite 53,56357,Ruppertshofen,06772 / 12008420,0155 / 1865099,06772 / 5394278,anke.classen@mail.xyz,ja
306,Herr,Dr.,Clemens,Eberhardt,13.4.1982,Kappenberger Damm 58,54298,Eisenach,06525 / 12346670,0167 / 9933693,06525 / 7630562,c.eberhardt@mail.xyz,ja
307,Herr,Dr.,Daniel,Böttner,18.6.1973,Papenbusch 161,72218,Wildberg,07054 / 36200937,0158 / 7152361,07054 / 54591653,daniel.boettner@mail.xyz,ja
308,Frau,Prof.,Anouk,West,8.5.1994,Dammstr. 7,73101,Aichelberg,07164 / 57321174,0156 / 3177105,07164 / 14643275,anouk.west@mail.xyz,ja
309,Herr,Prof.,Tristan,Eckart,15.4.1989,Kempener Str. 42,38170,Uehrde,05332 / 25061383,0173 / 7749486,05332 / 801427,t.eckart@mail.xyz,ja
310,Herr,Dr.,Chris,Scheffler,7.1.1952,Kreuzstr. 172,24799,Meggerdorf,04883 / 22645821,0155 / 3366542,04883 / 27377064,chris.scheffler@mail.xyz,ja
311,Herr,Dr.,Dieter,Saunders,9.2.1971,Zur Wiese 88,55490,Rohrbach,06763 / 74843682,0153 / 2911175,06763 / 39619525,d.saunders@mail.xyz,ja
312,Frau,Prof.,Diana,Höck,12.2.1956,Eibenweg 50,21398,Neetze,05850 / 45804048,0152 / 4896323,05850 / 53273583,diana.hoeck@mail.xyz,ja
313,Herr,Dr.,Christopher,Wilhelmi,14.11.1954,Hölkenbusch 83,26441,Jever,04461 / 38308888,0153 / 8487283,04461 / 47351076,c.wilhelmi@mail.xyz,ja
314,Frau,Prof.,Leoni,Hagemann,9.7.1969,Heroldstr. 189a,50739,Köln,0221 / 97022965,0177 / 8995148,0221 / 90940738,l.hagemann@mail.xyz,ja
315,Herr,Dr.,Lasse,Person,7.3.1948,Scheibenstr. 177,55585,Niederhausen,06708 / 93260008,0158 / 5965237,06708 / 24320278,l.person@mail.xyz,ja
316,Frau,Dr.,Helene,Haake,16.5.1997,Kerßenbrockstr. 200,22946,Hohenfelde,04154 / 3759015,0168 / 4240016,04154 / 48542846,helene.haake@mail.xyz,ja
317,Frau,Dr.,Waltraut,Gehrig,20.11.1975,Mersmannsstiege 88,97320,Großlangheim,09325 / 67793824,0152 / 3477061,09325 / 94123997,waltraut.gehrig@mail.xyz,ja
318,Frau,Dr.,Sigrid,Hecker,13.3.1958,Memmertweg 80,53506,Rech,02643 / 79512095,0152 / 8556147,02643 / 11346863,s.hecker@mail.xyz,ja
319,Herr,Dr.,Alex,Kaplan,17.8.1935,Westenkamp 87,91183,Abenberg,09873 / 63528593,0160 / 1984273,09873 / 34658652,a.kaplan@mail.xyz,ja
320,Frau,Prof.,Maike,Karsten,23.2.1974,Albachtener Str. 158,73579,Schechingen,07175 / 6501662,0163 / 4714502,07175 / 33983818,maike.karsten@mail.xyz,ja
321,Herr,Dr.,Lucas,Reyes,27.7.1981,Im Haubenfeld 159,34323,Malsfeld,05661 / 3969088,0168 / 2681861,05661 / 42967588,lucas.reyes@mail.xyz,ja
322,Herr,Prof.,Wolfgang,Nötzel,26.9.1958,Stolbergstr. 178,26931,Elsfleth,04404 / 92675793,0161 / 3670045,04404 / 86628523,wolfgang.noetzel@mail.xyz,ja
323,Frau,Dr.,Yasmin,Zell,12.1.1982,Dammstr. 38,21529,Kröppelshagen-Fahrendorf,04104 / 77544884,0175 / 8686544,04104 / 62098722,y.zell@mail.xyz,ja
324,Herr,Dr.,Karlo,Brewer,24.1.1951,Schwalbenweg 87,97357,Prichsenstadt,09383 / 74994990,0173 / 9527536,09383 / 18596649,karlo.brewer@mail.xyz,ja
325,Herr,Prof.,Kian,Ehmann,20.2.1936,Simon-Meister-Str. 145,47259,Duisburg,0203 / 4810392,0150 / 1512438,0203 / 89351674,kian.ehmann@mail.xyz,ja
326,Frau,Prof.,Katharina,Gabriel,5.4.1960,Neißestr. 147,33334,Gütersloh,05241 / 41064507,0158 / 3635011,05241 / 59552848,k.gabriel@mail.xyz,ja
327,Frau,Dr.,Mona,Schaf,23.12.1926,Herdingstr. 162,54426,Malborn,06504 / 58364363,0175 / 9134622,06504 / 23200748,mona.schaf@mail.xyz,ja
328,Herr,Dr.,Richard,Dietz,27.1.1974,Piusstr. 21,94547,Iggensbach,09903 / 26880889,0175 / 9528562,09903 / 29809715,r.dietz@mail.xyz,ja
329,Herr,Dr.,Michel,Ortiz,22.2.1965,Friedrichstr. 75,57639,Oberdreis,02684 / 93686419,0175 / 7327773,02684 / 38335706,michel.ortiz@mail.xyz,ja
330,Frau,Prof.,Jana,Parker,20.5.1966,Soetenkamp 197,37691,Boffzen,05271 / 75798313,0170 / 9424401,05271 / 6831070,jana.parker@mail.xyz,ja
331,Frau,Dr.,Dilara,Warnke,7.9.1953,Am Filk 131,49593,Bersenbrück,05439 / 99294473,0176 / 3300398,05439 / 42337674,dilara.warnke@mail.xyz,ja
332,Herr,Dr.,Swen,Taube,1.3.1922,Maximilianstr. 163,99099,Erfurt,0361 / 79220839,0170 / 9892426,0361 / 15142835,s.taube@mail.xyz,ja
333,Herr,Dr.,Matthis,Hauck,11.5.1967,Altenhofer Weg 173,60325,Frankfurt am Main,069 / 8622530,0176 / 2172061,069 / 30540260,m.hauck@mail.xyz,ja
334,Herr,Dr.,Jonathan,Haller,23.2.1949,Neusser Str. 163,06556,Artern,03466 / 77977827,0152 / 2050486,03466 / 60703924,j.haller@mail.xyz,ja
335,Herr,Dr.,Keno,Vater,13.7.1924,Angelmodder Weg 106,45478,Mülheim an der Ruhr,0208 / 74616962,0158 / 3677974,0208 / 58153594,k.vater@mail.xyz,ja
336,Herr,Prof.,Marius,Geis,27.9.1984,Langeworth 167,64668,Mitlechtern,06253 / 63962969,0164 / 6129259,06253 / 17522640,m.geis@mail.xyz,ja
337,Frau,Prof.,Lya,Karst,17.10.1930,Marientalstr. 80,72358,Dormettingen,07427 / 83215842,0162 / 1406185,07427 / 39267997,l.karst@mail.xyz,ja
338,Herr,Dr.,Lars,Eder,9.8.1946,Gasselstiege 76,92331,Parsberg,09492 / 62301519,0169 / 9735010,09492 / 66070932,l.eder@mail.xyz,ja
339,Herr,Dr.,Dominic,Klaus,4.10.1929,Birkenweg 48,73540,Heubach,07173 / 17350466,0151 / 6915188,07173 / 28078639,dominic.klaus@mail.xyz,ja
340,Herr,Dr.,Bennet,Braune,22.10.1945,Heisstr. 48,72144,Dußlingen,07072 / 35481143,0166 / 1705299,07072 / 4802331,b.braune@mail.xyz,ja
341,Frau,Dr.,Nelli,Preuss,13.12.1972,Meesenstiege 137,59939,Olsberg,02962 / 15075741,0170 / 4398515,02962 / 16346794,n.preuss@mail.xyz,ja
342,Frau,Dr.,Malin,Wenig,17.3.1922,Baumberger Str. 105,73061,Ebersbach an der Fils,07163 / 25953783,0163 / 1778982,07163 / 98939464,malin.wenig@mail.xyz,ja
343,Herr,Dr.,Hendrik,Feldmann,15.9.1946,Sporckweg 72a,83224,Staudach-Egerndach,08641 / 15979153,0175 / 1107683,08641 / 95531673,h.feldmann@mail.xyz,ja
344,Herr,Dr.,Henning,Bischoff,23.11.1976,Simon-Meister-Str. 149,54595,Watzerath,06551 / 32663307,0178 / 5128209,06551 / 25514038,h.bischoff@mail.xyz,ja
345,Frau,Dr.,Karolina,Kleine,28.8.1958,Emdener Str. 183,32547,Bad Oeynhausen,05731 / 7368313,0157 / 7799168,05731 / 19059438,k.kleine@mail.xyz,ja
346,Herr,Dr.,Ulrich,Hines,16.5.1946,Agrippastr. 10,28211,Bremen,0421 / 35455839,0151 / 2743562,0421 / 95990354,ulrich.hines@mail.xyz,ja
347,Herr,Dr.,Robert,Jimenez,22.10.1979,Oscar-Wilde-Str. 50,99098,Erfurt,0361 / 87002839,0152 / 6810896,0361 / 36229432,robert.jimenez@mail.xyz,ja
348,Herr,Dr.,Riccardo,Leder,17.8.1942,Heroldstr. 127,63839,Kleinwallstadt,06022 / 86502017,0176 / 3997937,06022 / 3670442,r.leder@mail.xyz,ja
349,Herr,Dr.,Norbert,Munk,26.5.1951,Kriegerweg 198,21514,Roseburg,04158 / 93439331,0160 / 8084426,04158 / 58090800,n.munk@mail.xyz,ja
350,Frau,Dr.,Kimberly,Haynes,9.3.1989,Guntherstr. 40,35584,Wetzlar,06441 / 3818838,0170 / 1480337,06441 / 96517997,kimberly.haynes@mail.xyz,ja
351,Frau,Dr.,Kim,Lamprecht,6.5.1984,Telemannstr. 67,85110,Kipfenberg,08465 / 62399022,0175 / 1290135,08465 / 44815774,kim.lamprecht@mail.xyz,ja
352,Herr,Dr.,Marko,Rainer,22.10.1961,Kerßenbrockstr. 61,54675,Gentingen,06564 / 54690824,0166 / 6050235,06564 / 20351855,marko.rainer@mail.xyz,ja
353,Herr,Dr.,Laurin,Kramer,28.3.1972,Gasselstiege 90,26427,Neuharlingersiel,04974 / 13349016,0166 / 8597599,04974 / 54449038,laurin.kramer@mail.xyz,ja
354,Frau,Prof.,Annette,Kaluza,16.11.1960,Im Stemmen 146,53520,Rodder,02691 / 14818210,0172 / 2367711,02691 / 88346353,annette.kaluza@mail.xyz,ja
355,Herr,Dr.,Jona,Nass,16.9.1962,Försterstr. 137,24306,Plön,04522 / 29467223,0159 / 6116835,04522 / 98258472,j.nass@mail.xyz,ja
356,Herr,Prof.,Walter,Heinrichs,9.5.1991,Telemannstr. 23a,86556,Kühbach,08251 / 65940273,0158 / 3625146,08251 / 18677927,walter.heinrichs@mail.xyz,ja
357,Herr,Dr.,Marlon,Bernhard,24.1.1948,Sternstr. 180,67259,Großniedesheim,06233 / 66848214,0150 / 7541203,06233 / 36234602,m.bernhard@mail.xyz,ja
358,Herr,Dr.,Horst,Kleinert,24.5.1928,Hensenstr. 67,66113,Saarbrücken,0681 / 46215706,0172 / 3737050,0681 / 85357818,h.kleinert@mail.xyz,ja
359,Frau,Dr.,Svea,Acar,4.6.1920,Flaßkuhl 132,88142,Wasserburg,08382 / 41057136,0169 / 6917032,08382 / 59175850,s.acar@mail.xyz,ja
360,Herr,Prof.,Claas,Marquard,19.10.1978,Friedrich-Ebert-Str. 35,65582,Aull,06432 / 76954314,0164 / 1058598,06432 / 94227691,c.marquard@mail.xyz,ja
361,Frau,Dr.,Christine,Kahlert,28.9.1978,Oberschlesier Str. 140,38384,Gevensleben,05354 / 50061661,0175 / 2470159,05354 / 84536378,christine.kahlert@mail.xyz,ja
362,Frau,Dr.,Giulia,Petry,12.5.1990,Münsterstr. 32,92724,Trabitz,09644 / 45329125,0175 / 4234880,09644 / 11152677,giulia.petry@mail.xyz,ja
363,Herr,Prof.,Hans,Hackbarth,22.10.1960,Baumberger Str. 23,47805,Krefeld,02151 / 17766346,0150 / 9522944,02151 / 68901527,hans.hackbarth@mail.xyz,ja
364,Frau,Dr.,Emely,Feiler,2.9.1958,Am Burloh 183,40235,Düsseldorf,0211 / 30922807,0175 / 2001917,0211 / 7268703,emely.feiler@mail.xyz,ja
365,Herr,Dr.,Kilian,Jagd,4.11.1954,Max-Winkelmann-Str. 194,54673,Herbstmühle,06564 / 91951126,0176 / 1493521,06564 / 54434233,k.jagd@mail.xyz,ja
366,Herr,Dr.,Reinhardt,Gill,9.8.1957,Goldregenweg 101,79415,Bad Bellingen,07635 / 81918676,0152 / 1439052,07635 / 80406497,r.gill@mail.xyz,ja
367,Herr,Dr.,Frank,Haase,18.5.1934,Hogenbergstr. 51,25585,Lütjenwestedt,04872 / 90772930,0171 / 6695457,04872 / 69206985,f.haase@mail.xyz,ja
368,Herr,Dr.,Gerhard,Janssen,2.7.1951,Mindener Str. 122,78250,Tengen,07736 / 94812543,0150 / 4091474,07736 / 64773630,gerhard.janssen@mail.xyz,ja
369,Herr,Dr.,Gerhard,Steinberg,28.11.1930,Zum Guten Hirten 172,41751,Viersen,02162 / 91144131,0171 / 7997767,02162 / 4537958,g.steinberg@mail.xyz,ja
370,Frau,Dr.,Sinah,Bade,28.6.1970,Am Brook 145,53229,Bonn,0228 / 85327165,0161 / 4119534,0228 / 14730413,s.bade@mail.xyz,ja
371,Herr,Dr.,Ernst,Wiedmann,24.3.1929,Dauvemühle 153,26603,Aurich,04941 / 17552075,0173 / 9880958,04941 / 89533027,e.wiedmann@mail.xyz,ja
372,Frau,Dr.,Sofie,Cole,12.2.1969,Am Brook 82,93167,Falkenstein,09462 / 55211797,0150 / 5219315,09462 / 8009118,sofie.cole@mail.xyz,ja
373,Herr,Dr.,Mike,Hubbard,7.7.1998,Willingrott 147,88662,Überlingen,07551 / 72027049,0166 / 2771960,07551 / 53017358,mike.hubbard@mail.xyz,ja
374,Herr,Dr.,Elias,Wilk,26.10.1942,Kanalstr. 76,28199,Bremen,0421 / 33558145,0170 / 1230510,0421 / 20367949,elias.wilk@mail.xyz,ja
375,Herr,Dr.,Matthias,Henschke,9.3.1980,Hüfferstr. 187,79232,March,07665 / 39138777,0173 / 1208412,07665 / 48349929,m.henschke@mail.xyz,ja
376,Frau,Dr.,Emmily,Seeliger,5.6.1963,Hirseweg 176,83379,Wonneberg,08681 / 92053465,0179 / 6624950,08681 / 26498087,emmily.seeliger@mail.xyz,ja
377,Herr,Dr.,Nic,Sandoval,4.9.1979,Berrischstr. 66,67459,Böhl-Iggelheim,06324 / 68292331,0155 / 4022655,06324 / 83500418,n.sandoval@mail.xyz,ja
378,Frau,Prof.,Mareike,Koller,25.12.1938,Piusstr. 127,86480,Aletshausen,08282 / 62965148,0175 / 8030624,08282 / 28171499,m.koller@mail.xyz,ja
379,Frau,Dr.,Caroline,Kehr,12.3.1937,Hermann-Treff-Weg 139,79282,Ballrechten-Dottingen,07634 / 42289375,0156 / 2457352,07634 / 46778788,caroline.kehr@mail.xyz,ja
380,Frau,Prof.,Chantalle,Bradley,23.9.1959,Steinfurter Str. 73,61231,Bad Nauheim,06032 / 93064807,0161 / 8733855,06032 / 72944025,c.bradley@mail.xyz,ja
381,Frau,Dr.,Waltraud,Sigmund,11.6.1932,Gildenstr. 4,72658,Bempflingen,07123 / 91988869,0160 / 2660350,07123 / 96408744,waltraud.sigmund@mail.xyz,ja
382,Herr,Prof.,Helmut,Langen,16.12.1924,Röttgensweg 10,66287,Quierschied,06897 / 81152054,0176 / 8278306,06897 / 70377696,h.langen@mail.xyz,ja
383,Frau,Prof.,Svenja,Klaus,15.8.1939,Teutonenstr. 40,12439,Treptow-Köpenick,030 / 14112936,0170 / 7385872,030 / 24287462,s.klaus@mail.xyz,ja
384,Frau,Dr.,Nicole,Neher,23.6.1935,Avendruper Str. 147,93348,Kirchdorf,09444 / 25739324,0151 / 6797352,09444 / 17270893,n.neher@mail.xyz,ja
385,Frau,Dr.,Jessica,Reed,19.4.1984,Geiststr. 8,55608,Bergen,06752 / 10140903,0170 / 5134844,06752 / 23458245,jessica.reed@mail.xyz,ja
386,Frau,Dr.,Kaja,Kopp,6.4.1984,Soetenkamp 99,84434,Kirchberg,08762 / 93845345,0173 / 9447689,08762 / 5105024,k.kopp@mail.xyz,ja
387,Herr,Dr.,Liam,Buse,19.2.1992,Kapellenstr. 146,86653,Daiting,09091 / 54847892,0172 / 4945105,09091 / 56154057,liam.buse@mail.xyz,ja
388,Herr,Prof.,Juri,Reiser,3.10.1969,Hülsebrockstr. 22a,73249,Wernau,07153 / 78387204,0154 / 6735008,07153 / 22457688,juri.reiser@mail.xyz,ja
389,Herr,Dr.,Finn,Sonntag,19.5.1982,Marderweg 40,41849,Wassenberg,02432 / 67770912,0174 / 8771797,02432 / 85619834,f.sonntag@mail.xyz,ja
390,Frau,Prof.,Ingeborg,Henning,18.2.1969,Buldernweg 185,79295,Sulzburg,07634 / 83556536,0166 / 9436554,07634 / 92901641,ingeborg.henning@mail.xyz,ja
391,Herr,Dr.,Martin,Buchanan,4.4.1923,Mariendorfer Str. 46,84561,Mehring,08677 / 17231860,0156 / 9646880,08677 / 5522791,martin.buchanan@mail.xyz,ja
392,Herr,Dr.,Vincent,Beer,6.12.1972,Wolbecker Str. 127,31609,Balge,05022 / 91495938,0150 / 6261025,05022 / 37644599,v.beer@mail.xyz,ja
393,Herr,Dr.,Enrico,Schell,9.10.1966,Am Oedingteich 48,49777,Groß Berßen,05965 / 76670109,0173 / 3913913,05965 / 23794405,e.schell@mail.xyz,ja
394,Herr,Dr.,Björn,Baumgart,14.3.1957,Hoove 143,54689,Dahnen,06550 / 72171779,0155 / 9229179,06550 / 14288157,b.baumgart@mail.xyz,ja
395,Herr,Prof.,Matis,Pecher,6.10.1929,Hüfferstr. 192,63916,Amorbach,09373 / 78835255,0158 / 2752738,09373 / 55362484,matis.pecher@mail.xyz,ja
396,Herr,Dr.,Kurt,Furt,28.4.1999,Am Pulverschuppen 41,57250,Netphen,02738 / 41231585,0174 / 7777305,02738 / 63808769,k.furt@mail.xyz,ja
397,Herr,Dr.,Matis,Burkhardt,9.8.1948,Steinkamp 97a,26624,Südbrookmerland,04942 / 55836481,0165 / 3409576,04942 / 37206803,matis.burkhardt@mail.xyz,ja
398,Frau,Dr.,Kristina,Puls,14.2.1982,Hansaring 36,34454,Bad Arolsen,05691 / 33199545,0160 / 2818564,05691 / 20010697,k.puls@mail.xyz,ja
399,Herr,Dr.,Andreas,Warnecke,18.11.1965,Rektoratsweg 1a,96167,Königsfeld,09207 / 56691824,0179 / 6768344,09207 / 13206107,andreas.warnecke@mail.xyz,ja
400,Frau,Prof.,Annalena,Trapp,8.10.1958,Carossastr. 40,76889,Birkenhördt,06343 / 84430378,0150 / 4665284,06343 / 20420694,a.trapp@mail.xyz,ja
401,Herr,Prof.,Artur,Geist,17.3.1966,Mierendorffstr. 189,91468,Gutenstetten,09163 / 77373202,0162 / 9366695,09163 / 92819644,artur.geist@mail.xyz,ja
402,Frau,Dr.,Rita,Sigl,15.9.1993,Wolbecker Str. 176,94353,Haibach,09963 / 3573152,0176 / 3222296,09963 / 25699116,r.sigl@mail.xyz,ja
403,Herr,Dr.,Tore,Hörmann,25.1.1925,Dodostr. 61,68766,Hockenheim,06205 / 26286988,0174 / 5548025,06205 / 63908236,t.hoermann@mail.xyz,ja
404,Frau,Dr.,Waldtraut,Träger,1.2.1948,Holunderweg 48,10967,Berlin,030 / 55883950,0163 / 6534656,030 / 92587658,waldtraut.traeger@mail.xyz,ja
405,Herr,Dr.,Maxim,Campbell,9.11.1954,Mariendorfer Str. 168,54655,Malberg,06563 / 3114784,0177 / 2350769,06563 / 21368504,maxim.campbell@mail.xyz,ja
406,Herr,Dr.,Janik,Joseph,2.10.1962,Hensenstr. 132,89429,Bachhagel,09077 / 28072873,0176 / 9926081,09077 / 60692175,janik.joseph@mail.xyz,ja
407,Frau,Prof.,Anica,Herrera,22.11.1966,Liboristr. 68,86741,Ehingen am Ries,09082 / 22308956,0175 / 9006507,09082 / 24203118,a.herrera@mail.xyz,ja
408,Herr,Dr.,Maxim,Koller,3.6.1938,Sanddornweg 188,80933,München,089 / 90903309,0178 / 3229187,089 / 10761871,maxim.koller@mail.xyz,ja
409,Herr,Dr.,Filip,Brosch,23.9.1921,Kurze Str. 198a,92660,Neustadt an der Waldnaab,09602 / 36285004,0171 / 6021738,09602 / 59704295,filip.brosch@mail.xyz,ja
410,Herr,Dr.,Louis,Degner,4.4.1938,Steinkamp 122,42399,Wuppertal,0202 / 13190745,0152 / 9560666,0202 / 52487463,louis.degner@mail.xyz,ja
411,Frau,Dr.,Josephine,Hennig,7.11.1981,Rinscheweg 124,31863,Coppenbrügge,05156 / 77225776,0173 / 3727801,05156 / 31608652,j.hennig@mail.xyz,ja
412,Frau,Prof.,Henriette,Schuster,22.2.1985,Schwalbenweg 64,27412,Tarmstedt,04283 / 70099292,0172 / 9127896,04283 / 71345675,h.schuster@mail.xyz,ja
413,Herr,Dr.,Matthis,Guth,5.4.1945,Bünkamp 22,90537,Feucht,09128 / 99002513,0166 / 8924091,09128 / 34434185,matthis.guth@mail.xyz,ja
414,Frau,Prof.,Nicole,Gebel,7.8.1944,Piusstr. 22,23552,Lübeck,0451 / 69850959,0170 / 2479764,0451 / 91124431,n.gebel@mail.xyz,ja
415,Frau,Dr.,Mona,Tillmann,17.11.1922,Herdingstr. 154,35108,Allendorf,06452 / 95634461,0173 / 6169774,06452 / 525882,m.tillmann@mail.xyz,ja
416,Frau,Prof.,Anica,Rüdiger,25.6.1923,Stettiner Str. 14,25980,Rantum,04651 / 90134445,0177 / 1680880,04651 / 23143384,anica.ruediger@mail.xyz,ja
417,Herr,Dr.,Peter,Bowman,18.4.1929,Heisstr. 84,23883,Lehmrade,04547 / 49754913,0178 / 4396655,04547 / 55238574,peter.bowman@mail.xyz,ja
418,Frau,Prof.,Maria,Kanzler,4.1.1968,Schiffahrter Damm 134,55481,Maitzborn,06763 / 3599072,0150 / 1631336,06763 / 91403559,m.kanzler@mail.xyz,ja
419,Frau,Prof.,Kerstin,Schumacher,19.7.1972,Altenhofer Weg 12,13581,Spandau,030 / 84098888,0160 / 6356704,030 / 72356850,k.schumacher@mail.xyz,ja
420,Frau,Dr.,Irmgard,Abele,24.4.1946,Görlitzer Str. 171,57629,Mörsbach,02662 / 4633724,0177 / 4872718,02662 / 76944278,i.abele@mail.xyz,ja
421,Frau,Dr.,Ute,Horstmann,11.1.1940,Grevener Str. 173a,56761,Masburg,02653 / 38445142,0153 / 7588351,02653 / 74936745,u.horstmann@mail.xyz,ja
422,Frau,Dr.,Linda,Gans,14.6.1970,Breslauer Str. 83,27386,Hemsbünde,04266 / 4019365,0165 / 8882768,04266 / 14052892,linda.gans@mail.xyz,ja
423,Herr,Dr.,Vincent,Blum,6.7.1977,Hindenburgplatz 120,26529,Osteel,04934 / 74324649,0151 / 8860031,04934 / 11922744,vincent.blum@mail.xyz,ja
424,Herr,Dr.,Kai,Fernandez,19.2.1920,Immelmannstr. 47,55566,Ippenschied,06751 / 73580505,0165 / 3335688,06751 / 96134156,kai.fernandez@mail.xyz,ja
425,Herr,Dr.,Detlev,Dietz,4.11.1927,Dahlweg 186,25579,Rade,04822 / 46135224,0168 / 6952584,04822 / 70622702,detlev.dietz@mail.xyz,ja
426,Frau,Dr.,Kiara,Demmel,6.9.1975,Zülpicher Str. 27,94269,Rinchnach,09921 / 75452071,0177 / 7244794,09921 / 56101621,k.demmel@mail.xyz,ja
427,Frau,Dr.,Leoni,Kahle,7.5.1983,Äußere Kanalstr. 196,60489,Frankfurt am Main,069 / 86354341,0168 / 8992327,069 / 69910630,l.kahle@mail.xyz,ja
428,Herr,Prof.,Patrik,Nehring,12.10.1985,Kurze Str. 51,94354,Haselbach,09961 / 15028729,0151 / 7484608,09961 / 97103675,p.nehring@mail.xyz,ja
429,Frau,Prof.,Lotta,Joseph,22.12.1959,Gustav-Tweer-Weg 119,67112,Mutterstadt,06234 / 74578709,0161 / 1308803,06234 / 82883872,lotta.joseph@mail.xyz,ja
430,Herr,Dr.,Jens,Apel,26.1.1966,Hüfferstr. 30,68169,Mannheim,0621 / 20590355,0151 / 5530255,0621 / 79086766,j.apel@mail.xyz,ja
431,Frau,Dr.,Marion,Kastner,18.2.1920,Kröver Str. 39,06449,Aschersleben-Anhalt,03473 / 91082589,0160 / 7242491,03473 / 69907567,marion.kastner@mail.xyz,ja
432,Frau,Dr.,Hannah,Brodersen,10.6.1951,Oberschlesier Str. 70,91054,Buckenhof,09131 / 40502167,0154 / 8367035,09131 / 67286526,hannah.brodersen@mail.xyz,ja
433,Frau,Dr.,Martha,Haberl,1.12.1992,Rosenplatz 19,67578,Gimbsheim,06249 / 63182220,0163 / 2816347,06249 / 50200123,m.haberl@mail.xyz,ja
434,Frau,Prof.,Mara,Schädler,28.1.1973,Drachterstr. 138,48480,Schapen,05977 / 42458924,0177 / 3089663,05977 / 57137567,m.schaedler@mail.xyz,ja
435,Herr,Dr.,Henri,Pätzold,9.7.1963,Werseblick 120,89429,Bachhagel,09077 / 9323819,0154 / 8654116,09077 / 80611670,h.paetzold@mail.xyz,ja
436,Frau,Prof.,Annabelle,Tews,8.10.1936,Dauvemühle 76,70794,Filderstadt,0711 / 39481988,0157 / 9322567,0711 / 55031043,a.tews@mail.xyz,ja
437,Frau,Prof.,Marah,Wilson,21.10.1943,An den Weiden 14,73433,Aalen,07361 / 55568537,0179 / 1556033,07361 / 21868016,marah.wilson@mail.xyz,ja
438,Frau,Dr.,Silvia,Karcher,20.4.1990,Münzstr. 197,94330,Salching,09421 / 18538958,0174 / 4000477,09421 / 43432348,silvia.karcher@mail.xyz,ja
439,Herr,Dr.,Norbert,Giese,12.11.1962,Wolbecker Str. 3,29379,Wittingen,05831 / 13912546,0159 / 5503043,05831 / 30524969,norbert.giese@mail.xyz,ja
440,Herr,Prof.,Lennox,Denecke,6.1.1988,Rincklakeweg 143,86692,Münster,08276 / 92128979,0151 / 7316783,08276 / 26220352,lennox.denecke@mail.xyz,ja
441,Frau,Prof.,Elena,Schaub,2.2.1984,Marientalstr. 13,26847,Detern,04957 / 11675814,0167 / 9819038,04957 / 71584035,e.schaub@mail.xyz,ja
442,Herr,Dr.,Leo,Malinowski,6.1.1956,Sporckweg 169,72127,Kusterdingen,07071 / 6683306,0169 / 2570885,07071 / 92322579,l.malinowski@mail.xyz,ja
443,Frau,Dr.,Karla,Perry,3.12.1977,Äußere Kanalstr. 146,36037,Fulda,0661 / 2371734,0177 / 1092328,0661 / 48081475,karla.perry@mail.xyz,ja
444,Frau,Prof.,Ina,Sass,8.1.1962,Düesbergweg 182,54649,Lauperath,06550 / 47162930,0162 / 1801661,06550 / 7969940,ina.sass@mail.xyz,ja
445,Herr,Dr.,Connor,Lay,23.12.1927,Im Haubenfeld 158,56412,Ruppach-Goldhausen,02602 / 92305160,0175 / 6260134,02602 / 45317376,c.lay@mail.xyz,ja
446,Herr,Dr.,Lars,Böse,7.8.1923,Marientalstr. 85,99880,Teutleben,03622 / 69713569,0164 / 8756896,03622 / 75776966,l.boese@mail.xyz,ja
447,Herr,Dr.,Daniel,Cunningham,9.9.1930,Idenbrockplatz 118,54552,Brockscheid,06592 / 57189791,0162 / 5114847,06592 / 50881025,daniel.cunningham@mail.xyz,ja
448,Herr,Dr.,Laurin,Sieben,24.3.1923,Stolbergstr. 30,84562,Mettenheim,08631 / 71677928,0163 / 3946926,08631 / 74896545,l.sieben@mail.xyz,ja
449,Herr,Dr.,Bernhard,Cunningham,25.3.1988,Kappenberger Damm 8,79875,Dachsberg,07672 / 35201687,0172 / 2829471,07672 / 18938665,b.cunningham@mail.xyz,ja
450,Frau,Dr.,Miriam,Wright,25.12.1994,Gescherweg 178,45894,Gelsenkirchen,0209 / 57310519,0173 / 9793841,0209 / 33155580,m.wright@mail.xyz,ja
451,Frau,Dr.,Emily,Berner,6.8.1936,Ölbergstr. 115a,89250,Senden,07307 / 88266939,0155 / 8915662,07307 / 72975310,e.berner@mail.xyz,ja
452,Herr,Dr.,Conner,Zeiler,6.5.1929,Paul-Engelhard-Weg 67,29578,Eimke,05873 / 89241498,0163 / 3836015,05873 / 4874951,conner.zeiler@mail.xyz,ja
453,Herr,Dr.,Uwe,Park,19.2.1944,Telgenweg 63a,86971,Peiting,08861 / 4030309,0160 / 7169303,08861 / 14832486,u.park@mail.xyz,ja
454,Herr,Dr.,Luke,Tacke,6.11.1981,Pankokstr. 46,54608,Großlangenfeld,06551 / 632106,0178 / 8686653,06551 / 62088036,l.tacke@mail.xyz,ja
455,Herr,Dr.,Cedrik,Kretschmann,26.8.1985,Morthorststr. 64,53520,Sierscheid,02691 / 56667748,0159 / 1561755,02691 / 27602406,c.kretschmann@mail.xyz,ja
456,Frau,Dr.,Viktoria,Kunz,28.8.1945,Rosenplatz 13,23795,Fahrenkrug,04551 / 70702597,0152 / 1142200,04551 / 79754652,viktoria.kunz@mail.xyz,ja
457,Frau,Dr.,Jasmin,Blake,28.9.1997,Piusallee 171,93354,Biburg,09444 / 76764777,0160 / 9053851,09444 / 23830385,jasmin.blake@mail.xyz,ja
458,Frau,Dr.,Selin,Stock,18.9.1991,Dreizehnerstr. 150,29690,Grethem,05164 / 56609133,0155 / 3617464,05164 / 36070722,s.stock@mail.xyz,ja
459,Herr,Prof.,Christof,Nolte,16.11.1935,Vorgebirgstr. 32,37619,Hehlen,05533 / 57765923,0156 / 9619836,05533 / 36774253,c.nolte@mail.xyz,ja
460,Frau,Dr.,Mina,Reinhold,9.6.1929,Berrischstr. 89a,41541,Dormagen,02133 / 38015416,0160 / 7624977,02133 / 58384137,m.reinhold@mail.xyz,ja
461,Frau,Dr.,Mia,Rettig,13.2.1954,Münsterstr. 151,31600,Uchte,05763 / 57833957,0155 / 5862599,05763 / 79394667,m.rettig@mail.xyz,ja
462,Herr,Dr.,Helmut,Kahn,14.6.1974,Wörthstr. 19,91583,Schillingsfürst,09868 / 88975384,0164 / 3760316,09868 / 29063535,h.kahn@mail.xyz,ja
463,Herr,Dr.,Siegfried,Krenz,8.11.1954,Merheimer Str. 110,75223,Niefern-Öschelbronn,07233 / 4763621,0166 / 9433779,07233 / 529226,siegfried.krenz@mail.xyz,ja
464,Herr,Dr.,Bernd,Muhr,10.10.1946,Hacklenburg 20,95707,Thiersheim,09233 / 78883884,0176 / 5489255,09233 / 47975067,bernd.muhr@mail.xyz,ja
465,Herr,Dr.,Mathies,Sahm,25.1.1993,Zülpicher Str. 41,28201,Bremen,0421 / 31837424,0162 / 7056217,0421 / 38033371,m.sahm@mail.xyz,ja
466,Frau,Prof.,Charlotte,Teske,16.3.1923,Drachterstr. 184,25729,Windbergen,04859 / 36333667,0165 / 4833274,04859 / 61999377,charlotte.teske@mail.xyz,ja
467,Herr,Dr.,Ole,Lohmann,22.12.1973,Rennbahnstr. 193,48249,Buldern,02590 / 93453147,0170 / 7450320,02590 / 87724914,o.lohmann@mail.xyz,ja
468,Frau,Dr.,Madita,Busse,12.10.1984,Kirchstr. 30,56424,Mogendorf,02602 / 36013365,0168 / 3930426,02602 / 60741949,madita.busse@mail.xyz,ja
469,Herr,Prof.,Lucas,Westermann,20.5.1953,Berrischstr. 73,49844,Bawinkel,05963 / 59583878,0164 / 9069800,05963 / 85489813,lucas.westermann@mail.xyz,ja
470,Frau,Prof.,Marieke,Mai,21.4.1999,Dodostr. 186,24806,Lohe-Föhrden,04335 / 20606351,0169 / 8246204,04335 / 60454333,m.mai@mail.xyz,ja
471,Herr,Dr.,Mario,Brückner,3.4.1964,Overbergstr. 100,23815,Strukdorf,04551 / 38796794,0166 / 6943970,04551 / 72946150,mario.brueckner@mail.xyz,ja
472,Herr,Dr.,Michel,Rathmann,21.5.1972,Dorotheenstr. 96,64850,Schaafheim,06073 / 7634625,0154 / 1926265,06073 / 65045866,michel.rathmann@mail.xyz,ja
473,Herr,Dr.,Franz,Ganter,19.11.1923,Liboristr. 121,73450,Neresheim,07326 / 67232458,0173 / 2689515,07326 / 38412187,franz.ganter@mail.xyz,ja
474,Frau,Dr.,Ursula,Andrews,8.4.1959,Oberschlesier Str. 16,25563,Quarnstedt,04822 / 96259602,0172 / 2439590,04822 / 2393827,u.andrews@mail.xyz,ja
475,Frau,Dr.,Katrin,Ehlert,27.1.1990,Marsweg 39,67744,Hohenöllen,06382 / 56648225,0176 / 9818188,06382 / 36109011,k.ehlert@mail.xyz,ja
476,Frau,Dr.,Paulina,Eichhorn,8.6.1998,Memmertweg 185,55234,Hochborn,06244 / 58941521,0170 / 6525210,06244 / 96469832,p.eichhorn@mail.xyz,ja
477,Herr,Prof.,Luke,Salzmann,28.5.1935,Weseler Str. 125,93455,Traitsching,09974 / 71781982,0168 / 4957771,09974 / 39529114,luke.salzmann@mail.xyz,ja
478,Frau,Dr.,Celine,Drechsler,1.10.1993,Marktstr. 76a,21516,Schulendorf,04155 / 31927123,0153 / 5910330,04155 / 94545500,celine.drechsler@mail.xyz,ja
479,Herr,Dr.,Marten,Wienecke,1.8.1929,Elsa-Brändström-Weg 16,59510,Lippetal,02923 / 20316843,0169 / 4585286,02923 / 34873037,m.wienecke@mail.xyz,ja
480,Frau,Dr.,Leoni,Hofbauer,22.8.1933,Weseler Str. 88,73569,Obergröningen,07975 / 17038352,0177 / 9534460,07975 / 27239271,l.hofbauer@mail.xyz,ja
481,Frau,Prof.,Stina,Seemann,10.9.1963,Avendruper Str. 119,64283,Darmstadt,06151 / 99319702,0169 / 7990579,06151 / 94211714,stina.seemann@mail.xyz,ja
482,Herr,Dr.,Tore,Mosch,26.8.1985,Jakobusstr. 146,24813,Schülp,04331 / 22607681,0159 / 4274631,04331 / 11692676,t.mosch@mail.xyz,ja
483,Frau,Dr.,Carolina,Abbott,18.1.1965,Nerzweg 142a,51643,Gummersbach,02261 / 95424038,0170 / 1041168,02261 / 56257738,carolina.abbott@mail.xyz,ja
484,Herr,Dr.,Uwe,Moll,22.7.1920,Dauvemühle 21,16303,Schwedt,03332 / 11789895,0171 / 2059611,03332 / 62058485,uwe.moll@mail.xyz,ja
485,Herr,Prof.,Matthias,Moran,2.12.1956,Rottkamp 51,94548,Innernzell,08554 / 54823971,0170 / 4999593,08554 / 99117730,matthias.moran@mail.xyz,ja
486,Frau,Dr.,Lara,Peschel,11.11.1969,Lassallestr. 50,24799,Christiansholm,04339 / 55715004,0154 / 3659962,04339 / 34170144,lara.peschel@mail.xyz,ja
487,Herr,Dr.,Bennet,Lutz,20.3.1972,Enschedeweg 131,26524,Berumbur,04938 / 70562341,0157 / 7269274,04938 / 51678553,b.lutz@mail.xyz,ja
488,Herr,Dr.,Rafael,Hecht,16.6.1950,Weißenburgstr. 106,63683,Ortenberg,06046 / 54084770,0171 / 3453196,06046 / 17446803,rafael.hecht@mail.xyz,ja
489,Herr,Dr.,Mattis,Heyer,17.10.1984,Alte Apotheke 126,69434,Eberbach,06271 / 68501432,0172 / 8871619,06271 / 66627772,m.heyer@mail.xyz,ja
490,Herr,Dr.,Oskar,Long,1.6.1991,Am Wigbold 28,99427,Weimar,03643 / 51055714,0165 / 2538038,03643 / 5032406,o.long@mail.xyz,ja
491,Frau,Dr.,Ulrike,Krug,4.11.1927,Am Oedingteich 90,37434,Wollbrandshausen,05528 / 91001677,0167 / 1876669,05528 / 40437238,ulrike.krug@mail.xyz,ja
492,Frau,Dr.,Martha,Haupt,25.1.1970,Wormser Str. 130,83562,Rechtmehring,08076 / 86225973,0163 / 5726301,08076 / 63582382,m.haupt@mail.xyz,ja
493,Frau,Dr.,Cornelia,Uhl,28.8.1999,Schmeddingstr. 144,53783,Eitorf,02243 / 127167,0175 / 5502473,02243 / 13994649,c.uhl@mail.xyz,ja
494,Herr,Dr.,Linus,Böhme,3.2.1931,Grevener Str. 49,56414,Meudt,06435 / 9451050,0157 / 9997929,06435 / 328684,linus.boehme@mail.xyz,ja
495,Frau,Prof.,Katharina,Arnold,28.10.1972,Schubertstr. 91a,91809,Wellheim,08427 / 65927814,0159 / 2234430,08427 / 68197489,katharina.arnold@mail.xyz,ja
496,Herr,Dr.,Lorenz,Hübner,7.9.1997,Florentine-Eichler-Str. 47,36088,Hünfeld,06652 / 3289498,0154 / 1468737,06652 / 30920637,lorenz.huebner@mail.xyz,ja
497,Frau,Dr.,Emily,Roberson,21.3.1995,Nauheimer Str. 163,78269,Volkertshausen,07774 / 33303851,0150 / 2428092,07774 / 48191516,e.roberson@mail.xyz,ja
498,Frau,Dr.,Jil,Pross,25.7.1980,Unter Kahlenhausen 13,72649,Wolfschlugen,07022 / 91699204,0165 / 9697982,07022 / 9053860,jil.pross@mail.xyz,ja
499,Frau,Dr.,Catarina,Schönfeld,23.2.1987,Am Brook 18,90427,Nürnberg,0911 / 8521610,0168 / 9588618,0911 / 22787919,c.schoenfeld@mail.xyz,ja
500,Herr,Dr.,Luc,Martin,26.12.1931,Arnheimweg 110,77756,Hausach,07831 / 53886894,0157 / 7034851,07831 / 26791231,luc.martin@mail.xyz,ja
